employee_id,project_id,assigned_date,tasks_assigned,tasks_completed,task_quality_score,productivity_score,remarks
NLI-001,17,2024-03-01,8,3,5.0,1.88,Performance Improvement Plan
NLI-001,17,2024-04-01,3,2,3.11,2.07,Needs Closer Monitoring
NLI-001,17,2024-05-01,3,2,0.1,0.07,Critical Underperformance
NLI-001,17,2024-07-01,10,5,3.95,1.98,Performance Improvement Plan
NLI-001,17,2024-08-01,3,3,2.34,2.34,Needs Closer Monitoring
NLI-001,17,2024-10-01,5,2,2.76,1.1,Performance Improvement Plan
NLI-001,17,2024-11-01,8,4,0.52,0.26,Critical Underperformance
NLI-001,17,2025-01-01,10,6,2.68,1.61,Performance Improvement Plan
NL-001,9,2024-03-01,8,8,0.69,0.69,Critical Underperformance
NL-001,9,2024-04-01,9,3,0.86,0.29,Critical Underperformance
NL-001,9,2024-05-01,4,3,2.36,1.77,Performance Improvement Plan
NL-001,9,2024-07-01,8,2,2.01,0.5,Critical Underperformance
NL-001,9,2024-08-01,10,3,2.06,0.62,Critical Underperformance
NL-001,9,2024-10-01,10,4,3.76,1.5,Performance Improvement Plan
NL-001,9,2024-11-01,5,2,3.79,1.52,Performance Improvement Plan
NL-001,9,2025-01-01,6,3,3.45,1.73,Performance Improvement Plan
NLI-002,27,2024-03-01,9,9,4.85,4.85,Outstanding Contributor
NLI-002,27,2024-04-01,6,5,0.33,0.28,Critical Underperformance
NLI-002,27,2024-05-01,6,3,3.95,1.98,Performance Improvement Plan
NLI-002,27,2024-07-01,9,9,4.99,4.99,Outstanding Contributor
NLI-002,27,2024-08-01,5,4,1.88,1.5,Performance Improvement Plan
NLI-002,27,2024-10-01,4,2,1.43,0.71,Critical Underperformance
NLI-002,27,2024-11-01,10,3,4.71,1.41,Performance Improvement Plan
NLI-002,27,2025-01-01,9,8,1.74,1.55,Performance Improvement Plan
NL-003,30,2024-03-01,7,7,0.45,0.45,Critical Underperformance
NL-003,30,2024-04-01,9,5,3.3,1.83,Performance Improvement Plan
NL-003,30,2024-05-01,3,2,4.95,3.3,Consistently Effective
NL-003,30,2024-07-01,6,4,1.08,0.72,Critical Underperformance
NL-003,30,2024-08-01,7,5,1.26,0.9,Critical Underperformance
NL-003,30,2024-10-01,10,5,3.72,1.86,Performance Improvement Plan
NL-003,30,2024-11-01,7,7,0.85,0.85,Critical Underperformance
NL-003,30,2025-01-01,3,2,2.86,1.91,Performance Improvement Plan
NL-007,20,2024-03-01,7,4,4.58,2.62,Needs Closer Monitoring
NL-007,20,2024-04-01,4,4,1.79,1.79,Performance Improvement Plan
NL-007,20,2024-05-01,6,4,2.26,1.51,Performance Improvement Plan
NL-007,20,2024-07-01,6,5,3.42,2.85,Needs Closer Monitoring
NL-007,20,2024-08-01,9,5,1.32,0.73,Critical Underperformance
NL-007,20,2024-10-01,8,7,1.74,1.52,Performance Improvement Plan
NL-007,20,2024-11-01,10,5,2.23,1.11,Performance Improvement Plan
NL-007,20,2025-01-01,7,2,2.52,0.72,Critical Underperformance
NL-011,26,2024-03-01,4,4,1.93,1.93,Performance Improvement Plan
NL-011,26,2024-04-01,8,2,2.58,0.65,Critical Underperformance
NL-011,26,2024-05-01,5,4,2.01,1.61,Performance Improvement Plan
NL-011,26,2024-07-01,6,6,4.55,4.55,Outstanding Contributor
NL-011,26,2024-08-01,7,2,3.21,0.92,Critical Underperformance
NL-011,26,2024-10-01,4,2,0.64,0.32,Critical Underperformance
NL-011,26,2024-11-01,4,4,3.21,3.21,Consistently Effective
NL-011,26,2025-01-01,8,8,0.55,0.55,Critical Underperformance
NL-014,26,2024-03-01,9,9,4.21,4.21,Outstanding Contributor
NL-014,26,2024-04-01,3,3,0.45,0.45,Critical Underperformance
NL-014,26,2024-05-01,9,5,3.24,1.8,Performance Improvement Plan
NL-014,26,2024-07-01,5,2,1.0,0.4,Critical Underperformance
NL-014,26,2024-08-01,9,7,4.84,3.76,Consistently Effective
NL-014,26,2024-10-01,4,4,2.36,2.36,Needs Closer Monitoring
NL-014,26,2024-11-01,10,2,0.15,0.03,Critical Underperformance
NL-014,26,2025-01-01,10,9,2.17,1.95,Performance Improvement Plan
NL-016,1,2024-03-01,8,5,3.76,2.35,Needs Closer Monitoring
NL-016,1,2024-04-01,7,4,4.28,2.45,Needs Closer Monitoring
NL-016,1,2024-05-01,10,5,1.4,0.7,Critical Underperformance
NL-016,1,2024-07-01,5,3,3.29,1.97,Performance Improvement Plan
NL-016,1,2024-08-01,4,3,4.66,3.5,Consistently Effective
NL-016,1,2024-10-01,5,2,2.76,1.1,Performance Improvement Plan
NL-016,1,2024-11-01,4,4,1.89,1.89,Performance Improvement Plan
NL-016,1,2025-01-01,3,3,0.01,0.01,Critical Underperformance
NL-018,23,2024-03-01,7,6,0.0,0.0,Critical Underperformance
NL-018,23,2024-04-01,5,2,0.01,0.0,Critical Underperformance
NL-018,23,2024-05-01,10,2,1.33,0.27,Critical Underperformance
NL-018,23,2024-07-01,4,3,0.76,0.57,Critical Underperformance
NL-018,23,2024-08-01,4,3,0.52,0.39,Critical Underperformance
NL-018,23,2024-10-01,6,5,0.48,0.4,Critical Underperformance
NL-018,23,2024-11-01,8,4,0.2,0.1,Critical Underperformance
NL-018,23,2025-01-01,8,5,4.69,2.93,Needs Closer Monitoring
NL-019,16,2024-03-01,10,2,2.44,0.49,Critical Underperformance
NL-019,16,2024-04-01,10,6,4.91,2.95,Needs Closer Monitoring
NL-019,16,2024-05-01,3,2,4.98,3.32,Consistently Effective
NL-019,16,2024-07-01,8,2,0.73,0.18,Critical Underperformance
NL-019,16,2024-08-01,3,3,2.36,2.36,Needs Closer Monitoring
NL-019,16,2024-10-01,3,3,1.41,1.41,Performance Improvement Plan
NL-019,16,2024-11-01,9,3,0.01,0.0,Critical Underperformance
NL-019,16,2025-01-01,10,8,3.26,2.61,Needs Closer Monitoring
NL-020,17,2024-03-01,10,9,0.16,0.14,Critical Underperformance
NL-020,17,2024-04-01,8,2,2.32,0.58,Critical Underperformance
NL-020,17,2024-05-01,8,5,4.5,2.81,Needs Closer Monitoring
NL-020,17,2024-07-01,6,6,3.11,3.11,Consistently Effective
NL-020,17,2024-08-01,5,5,1.61,1.61,Performance Improvement Plan
NL-020,17,2024-10-01,8,5,3.86,2.41,Needs Closer Monitoring
NL-020,17,2024-11-01,9,9,2.79,2.79,Needs Closer Monitoring
NL-020,17,2025-01-01,10,10,0.2,0.2,Critical Underperformance
NL-027,27,2024-03-01,5,5,4.53,4.53,Outstanding Contributor
NL-027,27,2024-04-01,10,7,4.68,3.28,Consistently Effective
NL-027,27,2024-05-01,8,8,4.79,4.79,Outstanding Contributor
NL-027,27,2024-07-01,8,4,2.63,1.31,Performance Improvement Plan
NL-027,27,2024-08-01,10,8,4.83,3.86,Consistently Effective
NL-027,27,2024-10-01,5,5,3.49,3.49,Consistently Effective
NL-027,27,2024-11-01,10,5,3.76,1.88,Performance Improvement Plan
NL-027,27,2025-01-01,7,7,1.5,1.5,Performance Improvement Plan
NL-028,14,2024-03-01,4,2,0.46,0.23,Critical Underperformance
NL-028,14,2024-04-01,5,2,3.62,1.45,Performance Improvement Plan
NL-028,14,2024-05-01,3,3,2.22,2.22,Needs Closer Monitoring
NL-028,14,2024-07-01,5,3,2.52,1.51,Performance Improvement Plan
NL-028,14,2024-08-01,4,3,2.69,2.02,Needs Closer Monitoring
NL-028,14,2024-10-01,9,2,0.27,0.06,Critical Underperformance
NL-028,14,2024-11-01,3,3,4.7,4.7,Outstanding Contributor
NL-028,14,2025-01-01,8,5,2.58,1.61,Performance Improvement Plan
NL-032,2,2024-03-01,7,5,4.7,3.36,Consistently Effective
NL-032,2,2024-04-01,7,2,2.66,0.76,Critical Underperformance
NL-032,2,2024-05-01,9,3,3.27,1.09,Performance Improvement Plan
NL-032,2,2024-07-01,10,9,0.85,0.77,Critical Underperformance
NL-032,2,2024-08-01,7,4,1.16,0.66,Critical Underperformance
NL-032,2,2024-10-01,6,6,2.14,2.14,Needs Closer Monitoring
NL-032,2,2024-11-01,9,2,4.74,1.05,Performance Improvement Plan
NL-032,2,2025-01-01,8,8,2.38,2.38,Needs Closer Monitoring
NL-040,10,2024-03-01,10,10,4.38,4.38,Outstanding Contributor
NL-040,10,2024-04-01,5,4,1.27,1.02,Performance Improvement Plan
NL-040,10,2024-05-01,8,4,1.31,0.66,Critical Underperformance
NL-040,10,2024-07-01,8,2,3.16,0.79,Critical Underperformance
NL-040,10,2024-08-01,4,4,0.73,0.73,Critical Underperformance
NL-040,10,2024-10-01,3,3,2.8,2.8,Needs Closer Monitoring
NL-040,10,2024-11-01,8,4,3.0,1.5,Performance Improvement Plan
NL-040,10,2025-01-01,7,6,3.4,2.91,Needs Closer Monitoring
NL-041,28,2024-03-01,3,2,0.42,0.28,Critical Underperformance
NL-041,28,2024-04-01,5,2,4.17,1.67,Performance Improvement Plan
NL-041,28,2024-05-01,8,8,2.6,2.6,Needs Closer Monitoring
NL-041,28,2024-07-01,6,5,3.46,2.88,Needs Closer Monitoring
NL-041,28,2024-08-01,10,3,4.77,1.43,Performance Improvement Plan
NL-041,28,2024-10-01,5,4,3.29,2.63,Needs Closer Monitoring
NL-041,28,2024-11-01,6,6,2.83,2.83,Needs Closer Monitoring
NL-041,28,2025-01-01,4,4,2.83,2.83,Needs Closer Monitoring
NL-043,3,2024-03-01,5,2,2.61,1.04,Performance Improvement Plan
NL-043,3,2024-04-01,10,9,1.1,0.99,Critical Underperformance
NL-043,3,2024-05-01,7,4,4.52,2.58,Needs Closer Monitoring
NL-043,3,2024-07-01,6,4,2.33,1.55,Performance Improvement Plan
NL-043,3,2024-08-01,6,4,4.0,2.67,Needs Closer Monitoring
NL-043,3,2024-10-01,9,3,4.88,1.63,Performance Improvement Plan
NL-043,3,2024-11-01,4,3,4.49,3.37,Consistently Effective
NL-043,3,2025-01-01,4,3,2.1,1.58,Performance Improvement Plan
NL-045,29,2024-03-01,3,2,4.21,2.81,Needs Closer Monitoring
NL-045,29,2024-04-01,8,4,0.13,0.07,Critical Underperformance
NL-045,29,2024-05-01,5,5,1.53,1.53,Performance Improvement Plan
NL-045,29,2024-07-01,9,9,0.71,0.71,Critical Underperformance
NL-045,29,2024-08-01,3,2,3.95,2.63,Needs Closer Monitoring
NL-045,29,2024-10-01,8,6,4.04,3.03,Consistently Effective
NL-045,29,2024-11-01,8,3,2.38,0.89,Critical Underperformance
NL-045,29,2025-01-01,4,2,1.15,0.57,Critical Underperformance
NLI-006,1,2024-03-01,8,3,1.04,0.39,Critical Underperformance
NLI-006,1,2024-04-01,10,6,1.0,0.6,Critical Underperformance
NLI-006,1,2024-05-01,10,8,1.42,1.14,Performance Improvement Plan
NLI-006,1,2024-07-01,3,2,0.29,0.19,Critical Underperformance
NLI-006,1,2024-08-01,7,2,0.3,0.09,Critical Underperformance
NLI-006,1,2024-10-01,4,4,4.64,4.64,Outstanding Contributor
NLI-006,1,2024-11-01,7,3,4.42,1.89,Performance Improvement Plan
NLI-006,1,2025-01-01,9,7,2.52,1.96,Performance Improvement Plan
NL-053,29,2024-03-01,8,5,1.02,0.64,Critical Underperformance
NL-053,29,2024-04-01,8,3,3.21,1.2,Performance Improvement Plan
NL-053,29,2024-05-01,5,5,4.92,4.92,Outstanding Contributor
NL-053,29,2024-07-01,8,6,2.72,2.04,Needs Closer Monitoring
NL-053,29,2024-08-01,3,2,3.57,2.38,Needs Closer Monitoring
NL-053,29,2024-10-01,4,2,3.85,1.93,Performance Improvement Plan
NL-053,29,2024-11-01,8,7,4.47,3.91,Consistently Effective
NL-053,29,2025-01-01,6,4,1.36,0.91,Critical Underperformance
NL-054,5,2024-03-01,10,4,0.79,0.32,Critical Underperformance
NL-054,5,2024-04-01,3,2,1.51,1.01,Performance Improvement Plan
NL-054,5,2024-05-01,4,3,4.57,3.43,Consistently Effective
NL-054,5,2024-07-01,9,7,0.1,0.08,Critical Underperformance
NL-054,5,2024-08-01,6,5,3.02,2.52,Needs Closer Monitoring
NL-054,5,2024-10-01,6,4,1.15,0.77,Critical Underperformance
NL-054,5,2024-11-01,7,7,0.66,0.66,Critical Underperformance
NL-054,5,2025-01-01,4,2,2.56,1.28,Performance Improvement Plan
NL-056,12,2024-03-01,7,2,0.78,0.22,Critical Underperformance
NL-056,12,2024-04-01,5,5,0.32,0.32,Critical Underperformance
NL-056,12,2024-05-01,10,10,2.38,2.38,Needs Closer Monitoring
NL-056,12,2024-07-01,6,4,1.46,0.97,Critical Underperformance
NL-056,12,2024-08-01,3,3,0.11,0.11,Critical Underperformance
NL-056,12,2024-10-01,4,3,1.73,1.3,Performance Improvement Plan
NL-056,12,2024-11-01,9,3,1.58,0.53,Critical Underperformance
NL-056,12,2025-01-01,10,7,0.57,0.4,Critical Underperformance
NL-057,24,2024-03-01,8,6,0.97,0.73,Critical Underperformance
NL-057,24,2024-04-01,3,3,3.41,3.41,Consistently Effective
NL-057,24,2024-05-01,5,5,1.13,1.13,Performance Improvement Plan
NL-057,24,2024-07-01,8,3,2.97,1.11,Performance Improvement Plan
NL-057,24,2024-08-01,9,5,3.76,2.09,Needs Closer Monitoring
NL-057,24,2024-10-01,8,3,2.23,0.84,Critical Underperformance
NL-057,24,2024-11-01,10,3,1.05,0.32,Critical Underperformance
NL-057,24,2025-01-01,6,2,1.12,0.37,Critical Underperformance
NL-058,15,2024-03-01,4,2,3.84,1.92,Performance Improvement Plan
NL-058,15,2024-04-01,9,7,1.85,1.44,Performance Improvement Plan
NL-058,15,2024-05-01,3,2,2.39,1.59,Performance Improvement Plan
NL-058,15,2024-07-01,5,5,4.64,4.64,Outstanding Contributor
NL-058,15,2024-08-01,5,4,3.07,2.46,Needs Closer Monitoring
NL-058,15,2024-10-01,4,3,2.12,1.59,Performance Improvement Plan
NL-058,15,2024-11-01,9,2,0.94,0.21,Critical Underperformance
NL-058,15,2025-01-01,6,6,3.6,3.6,Consistently Effective
NL-060,4,2024-03-01,5,2,3.28,1.31,Performance Improvement Plan
NL-060,4,2024-04-01,6,6,2.35,2.35,Needs Closer Monitoring
NL-060,4,2024-05-01,5,3,0.29,0.17,Critical Underperformance
NL-060,4,2024-07-01,10,3,3.55,1.06,Performance Improvement Plan
NL-060,4,2024-08-01,7,2,4.0,1.14,Performance Improvement Plan
NL-060,4,2024-10-01,4,4,3.42,3.42,Consistently Effective
NL-060,4,2024-11-01,6,2,3.88,1.29,Performance Improvement Plan
NL-060,4,2025-01-01,4,4,2.14,2.14,Needs Closer Monitoring
NLI-008,21,2024-03-01,7,6,0.64,0.55,Critical Underperformance
NLI-008,21,2024-04-01,7,5,1.12,0.8,Critical Underperformance
NLI-008,21,2024-05-01,8,2,3.69,0.92,Critical Underperformance
NLI-008,21,2024-07-01,6,2,4.93,1.64,Performance Improvement Plan
NLI-008,21,2024-08-01,4,2,2.73,1.36,Performance Improvement Plan
NLI-008,21,2024-10-01,4,2,1.35,0.68,Critical Underperformance
NLI-008,21,2024-11-01,8,6,3.27,2.45,Needs Closer Monitoring
NLI-008,21,2025-01-01,3,2,0.87,0.58,Critical Underperformance
NL-062,25,2024-03-01,5,2,4.41,1.76,Performance Improvement Plan
NL-062,25,2024-04-01,7,3,2.24,0.96,Critical Underperformance
NL-062,25,2024-05-01,10,5,1.8,0.9,Critical Underperformance
NL-062,25,2024-07-01,10,3,4.58,1.37,Performance Improvement Plan
NL-062,25,2024-08-01,9,9,4.08,4.08,Outstanding Contributor
NL-062,25,2024-10-01,8,4,2.61,1.3,Performance Improvement Plan
NL-062,25,2024-11-01,4,2,3.17,1.58,Performance Improvement Plan
NL-062,25,2025-01-01,7,7,4.86,4.86,Outstanding Contributor
NL-063,15,2024-03-01,8,3,0.45,0.17,Critical Underperformance
NL-063,15,2024-04-01,8,2,1.18,0.29,Critical Underperformance
NL-063,15,2024-05-01,3,3,3.13,3.13,Consistently Effective
NL-063,15,2024-07-01,9,8,1.82,1.62,Performance Improvement Plan
NL-063,15,2024-08-01,6,3,3.78,1.89,Performance Improvement Plan
NL-063,15,2024-10-01,10,7,2.74,1.92,Performance Improvement Plan
NL-063,15,2024-11-01,5,3,3.71,2.23,Needs Closer Monitoring
NL-063,15,2025-01-01,4,2,1.2,0.6,Critical Underperformance
NL-066,11,2024-03-01,5,5,0.79,0.79,Critical Underperformance
NL-066,11,2024-04-01,3,2,1.85,1.23,Performance Improvement Plan
NL-066,11,2024-05-01,10,4,2.33,0.93,Critical Underperformance
NL-066,11,2024-07-01,7,2,3.13,0.89,Critical Underperformance
NL-066,11,2024-08-01,3,2,2.37,1.58,Performance Improvement Plan
NL-066,11,2024-10-01,9,6,3.38,2.25,Needs Closer Monitoring
NL-066,11,2024-11-01,6,5,4.02,3.35,Consistently Effective
NL-066,11,2025-01-01,9,6,3.56,2.37,Needs Closer Monitoring
NL-068,11,2024-03-01,6,4,2.85,1.9,Performance Improvement Plan
NL-068,11,2024-04-01,9,2,1.53,0.34,Critical Underperformance
NL-068,11,2024-05-01,6,5,4.81,4.01,Outstanding Contributor
NL-068,11,2024-07-01,9,6,4.61,3.07,Consistently Effective
NL-068,11,2024-08-01,10,6,4.92,2.95,Needs Closer Monitoring
NL-068,11,2024-10-01,6,6,4.43,4.43,Outstanding Contributor
NL-068,11,2024-11-01,7,6,2.3,1.97,Performance Improvement Plan
NL-068,11,2025-01-01,6,3,1.29,0.65,Critical Underperformance
NL-070,29,2024-03-01,10,9,1.92,1.73,Performance Improvement Plan
NL-070,29,2024-04-01,10,5,4.38,2.19,Needs Closer Monitoring
NL-070,29,2024-05-01,8,5,1.54,0.96,Critical Underperformance
NL-070,29,2024-07-01,6,5,3.0,2.5,Needs Closer Monitoring
NL-070,29,2024-08-01,10,6,0.69,0.41,Critical Underperformance
NL-070,29,2024-10-01,10,9,1.8,1.62,Performance Improvement Plan
NL-070,29,2024-11-01,6,4,2.9,1.93,Performance Improvement Plan
NL-070,29,2025-01-01,4,2,3.45,1.73,Performance Improvement Plan
NL-072,11,2024-03-01,7,7,4.32,4.32,Outstanding Contributor
NL-072,11,2024-04-01,7,3,2.98,1.28,Performance Improvement Plan
NL-072,11,2024-05-01,10,4,2.79,1.12,Performance Improvement Plan
NL-072,11,2024-07-01,3,3,0.34,0.34,Critical Underperformance
NL-072,11,2024-08-01,9,9,1.4,1.4,Performance Improvement Plan
NL-072,11,2024-10-01,10,4,4.74,1.9,Performance Improvement Plan
NL-072,11,2024-11-01,6,5,1.94,1.62,Performance Improvement Plan
NL-072,11,2025-01-01,3,2,2.24,1.49,Performance Improvement Plan
NL-075,4,2024-03-01,9,8,1.44,1.28,Performance Improvement Plan
NL-075,4,2024-04-01,9,4,0.0,0.0,Critical Underperformance
NL-075,4,2024-05-01,9,3,1.02,0.34,Critical Underperformance
NL-075,4,2024-07-01,7,7,2.15,2.15,Needs Closer Monitoring
NL-075,4,2024-08-01,8,6,0.28,0.21,Critical Underperformance
NL-075,4,2024-10-01,7,4,3.17,1.81,Performance Improvement Plan
NL-075,4,2024-11-01,3,2,0.46,0.31,Critical Underperformance
NL-075,4,2025-01-01,3,2,3.47,2.31,Needs Closer Monitoring
NL-076,12,2024-03-01,8,3,0.43,0.16,Critical Underperformance
NL-076,12,2024-04-01,9,3,1.71,0.57,Critical Underperformance
NL-076,12,2024-05-01,8,8,0.9,0.9,Critical Underperformance
NL-076,12,2024-07-01,6,4,2.65,1.77,Performance Improvement Plan
NL-076,12,2024-08-01,8,6,0.97,0.73,Critical Underperformance
NL-076,12,2024-10-01,9,5,3.85,2.14,Needs Closer Monitoring
NL-076,12,2024-11-01,5,5,1.24,1.24,Performance Improvement Plan
NL-076,12,2025-01-01,4,4,2.73,2.73,Needs Closer Monitoring
NL-078,8,2024-03-01,5,4,1.3,1.04,Performance Improvement Plan
NL-078,8,2024-04-01,7,3,0.37,0.16,Critical Underperformance
NL-078,8,2024-05-01,3,3,3.11,3.11,Consistently Effective
NL-078,8,2024-07-01,7,2,1.27,0.36,Critical Underperformance
NL-078,8,2024-08-01,4,3,2.94,2.21,Needs Closer Monitoring
NL-078,8,2024-10-01,3,3,1.53,1.53,Performance Improvement Plan
NL-078,8,2024-11-01,10,3,3.79,1.14,Performance Improvement Plan
NL-078,8,2025-01-01,4,2,0.06,0.03,Critical Underperformance
NL-080,14,2024-03-01,8,6,2.3,1.72,Performance Improvement Plan
NL-080,14,2024-04-01,7,2,2.97,0.85,Critical Underperformance
NL-080,14,2024-05-01,7,2,0.9,0.26,Critical Underperformance
NL-080,14,2024-07-01,3,2,0.21,0.14,Critical Underperformance
NL-080,14,2024-08-01,4,3,3.19,2.39,Needs Closer Monitoring
NL-080,14,2024-10-01,6,5,2.14,1.78,Performance Improvement Plan
NL-080,14,2024-11-01,5,5,4.92,4.92,Outstanding Contributor
NL-080,14,2025-01-01,10,8,2.05,1.64,Performance Improvement Plan
NL-081,13,2024-03-01,7,2,2.17,0.62,Critical Underperformance
NL-081,13,2024-04-01,5,2,0.33,0.13,Critical Underperformance
NL-081,13,2024-05-01,6,3,0.51,0.26,Critical Underperformance
NL-081,13,2024-07-01,5,3,4.89,2.93,Needs Closer Monitoring
NL-081,13,2024-08-01,7,6,3.05,2.61,Needs Closer Monitoring
NL-081,13,2024-10-01,8,3,1.98,0.74,Critical Underperformance
NL-081,13,2024-11-01,4,2,2.38,1.19,Performance Improvement Plan
NL-081,13,2025-01-01,6,3,2.81,1.41,Performance Improvement Plan
NL-083,20,2024-03-01,8,6,2.42,1.81,Performance Improvement Plan
NL-083,20,2024-04-01,7,2,3.07,0.88,Critical Underperformance
NL-083,20,2024-05-01,9,8,4.32,3.84,Consistently Effective
NL-083,20,2024-07-01,4,4,1.19,1.19,Performance Improvement Plan
NL-083,20,2024-08-01,8,2,2.83,0.71,Critical Underperformance
NL-083,20,2024-10-01,6,2,1.76,0.59,Critical Underperformance
NL-083,20,2024-11-01,4,2,3.79,1.9,Performance Improvement Plan
NL-083,20,2025-01-01,4,3,4.19,3.14,Consistently Effective
NL-085,29,2024-03-01,4,3,2.07,1.55,Performance Improvement Plan
NL-085,29,2024-04-01,5,2,2.43,0.97,Critical Underperformance
NL-085,29,2024-05-01,6,5,1.87,1.56,Performance Improvement Plan
NL-085,29,2024-07-01,9,9,0.06,0.06,Critical Underperformance
NL-085,29,2024-08-01,4,3,0.12,0.09,Critical Underperformance
NL-085,29,2024-10-01,6,6,4.54,4.54,Outstanding Contributor
NL-085,29,2024-11-01,8,2,0.51,0.13,Critical Underperformance
NL-085,29,2025-01-01,10,3,3.9,1.17,Performance Improvement Plan
NL-086,14,2024-03-01,8,2,4.53,1.13,Performance Improvement Plan
NL-086,14,2024-04-01,5,4,3.32,2.66,Needs Closer Monitoring
NL-086,14,2024-05-01,10,5,1.38,0.69,Critical Underperformance
NL-086,14,2024-07-01,5,4,4.18,3.34,Consistently Effective
NL-086,14,2024-08-01,5,4,1.63,1.3,Performance Improvement Plan
NL-086,14,2024-10-01,4,3,0.97,0.73,Critical Underperformance
NL-086,14,2024-11-01,4,3,1.28,0.96,Critical Underperformance
NL-086,14,2025-01-01,4,3,2.88,2.16,Needs Closer Monitoring
NL-088,25,2024-03-01,4,4,0.38,0.38,Critical Underperformance
NL-088,25,2024-04-01,3,3,3.55,3.55,Consistently Effective
NL-088,25,2024-05-01,4,3,0.82,0.61,Critical Underperformance
NL-088,25,2024-07-01,8,5,3.93,2.46,Needs Closer Monitoring
NL-088,25,2024-08-01,6,3,1.98,0.99,Critical Underperformance
NL-088,25,2024-10-01,6,5,3.71,3.09,Consistently Effective
NL-088,25,2024-11-01,7,7,2.41,2.41,Needs Closer Monitoring
NL-088,25,2025-01-01,8,3,4.56,1.71,Performance Improvement Plan
NL-092,21,2024-03-01,9,4,0.09,0.04,Critical Underperformance
NL-092,21,2024-04-01,4,3,4.65,3.49,Consistently Effective
NL-092,21,2024-05-01,6,5,0.92,0.77,Critical Underperformance
NL-092,21,2024-07-01,8,5,1.16,0.72,Critical Underperformance
NL-092,21,2024-08-01,4,4,4.3,4.3,Outstanding Contributor
NL-092,21,2024-10-01,7,4,2.81,1.61,Performance Improvement Plan
NL-092,21,2024-11-01,3,3,1.91,1.91,Performance Improvement Plan
NL-092,21,2025-01-01,6,6,4.53,4.53,Outstanding Contributor
NL-095,24,2024-03-01,10,2,0.9,0.18,Critical Underperformance
NL-095,24,2024-04-01,10,8,1.89,1.51,Performance Improvement Plan
NL-095,24,2024-05-01,7,2,4.07,1.16,Performance Improvement Plan
NL-095,24,2024-07-01,9,3,3.04,1.01,Performance Improvement Plan
NL-095,24,2024-08-01,6,2,2.36,0.79,Critical Underperformance
NL-095,24,2024-10-01,5,3,3.19,1.91,Performance Improvement Plan
NL-095,24,2024-11-01,10,7,4.51,3.16,Consistently Effective
NL-095,24,2025-01-01,9,8,3.78,3.36,Consistently Effective
NLI-013,25,2024-03-01,4,2,0.41,0.2,Critical Underperformance
NLI-013,25,2024-04-01,8,7,1.74,1.52,Performance Improvement Plan
NLI-013,25,2024-05-01,5,2,2.94,1.18,Performance Improvement Plan
NLI-013,25,2024-07-01,5,3,0.08,0.05,Critical Underperformance
NLI-013,25,2024-08-01,8,7,2.28,1.99,Performance Improvement Plan
NLI-013,25,2024-10-01,3,2,1.26,0.84,Critical Underperformance
NLI-013,25,2024-11-01,7,4,0.2,0.11,Critical Underperformance
NLI-013,25,2025-01-01,8,4,3.28,1.64,Performance Improvement Plan
NLI-014,18,2024-03-01,10,7,3.01,2.11,Needs Closer Monitoring
NLI-014,18,2024-04-01,8,8,0.83,0.83,Critical Underperformance
NLI-014,18,2024-05-01,3,2,2.02,1.35,Performance Improvement Plan
NLI-014,18,2024-07-01,9,3,1.17,0.39,Critical Underperformance
NLI-014,18,2024-08-01,3,3,2.7,2.7,Needs Closer Monitoring
NLI-014,18,2024-10-01,3,2,2.75,1.83,Performance Improvement Plan
NLI-014,18,2024-11-01,7,4,2.21,1.26,Performance Improvement Plan
NLI-014,18,2025-01-01,8,7,3.32,2.9,Needs Closer Monitoring
NL-097,29,2024-03-01,10,9,4.19,3.77,Consistently Effective
NL-097,29,2024-04-01,5,5,0.36,0.36,Critical Underperformance
NL-097,29,2024-05-01,10,2,3.61,0.72,Critical Underperformance
NL-097,29,2024-07-01,9,7,4.31,3.35,Consistently Effective
NL-097,29,2024-08-01,3,2,3.91,2.61,Needs Closer Monitoring
NL-097,29,2024-10-01,7,6,2.94,2.52,Needs Closer Monitoring
NL-097,29,2024-11-01,7,2,3.09,0.88,Critical Underperformance
NL-097,29,2025-01-01,5,5,3.13,3.13,Consistently Effective
NLI-015,23,2024-03-01,7,3,4.67,2.0,Needs Closer Monitoring
NLI-015,23,2024-04-01,6,2,0.02,0.01,Critical Underperformance
NLI-015,23,2024-05-01,10,9,4.62,4.16,Outstanding Contributor
NLI-015,23,2024-07-01,6,6,3.62,3.62,Consistently Effective
NLI-015,23,2024-08-01,6,2,3.53,1.18,Performance Improvement Plan
NLI-015,23,2024-10-01,5,3,2.55,1.53,Performance Improvement Plan
NLI-015,23,2024-11-01,6,5,2.67,2.23,Needs Closer Monitoring
NLI-015,23,2025-01-01,8,4,3.79,1.9,Performance Improvement Plan
NL-099,25,2024-03-01,7,3,2.47,1.06,Performance Improvement Plan
NL-099,25,2024-04-01,6,4,3.51,2.34,Needs Closer Monitoring
NL-099,25,2024-05-01,10,9,1.11,1.0,Performance Improvement Plan
NL-099,25,2024-07-01,4,2,1.59,0.8,Critical Underperformance
NL-099,25,2024-08-01,9,5,0.35,0.19,Critical Underperformance
NL-099,25,2024-10-01,4,4,4.33,4.33,Outstanding Contributor
NL-099,25,2024-11-01,5,4,0.56,0.45,Critical Underperformance
NL-099,25,2025-01-01,9,9,0.26,0.26,Critical Underperformance
NL-101,23,2024-03-01,9,7,3.49,2.71,Needs Closer Monitoring
NL-101,23,2024-04-01,3,3,3.64,3.64,Consistently Effective
NL-101,23,2024-05-01,5,5,1.09,1.09,Performance Improvement Plan
NL-101,23,2024-07-01,7,2,2.2,0.63,Critical Underperformance
NL-101,23,2024-08-01,8,3,3.3,1.24,Performance Improvement Plan
NL-101,23,2024-10-01,9,5,1.34,0.74,Critical Underperformance
NL-101,23,2024-11-01,8,5,4.89,3.06,Consistently Effective
NL-101,23,2025-01-01,3,3,3.47,3.47,Consistently Effective
NL-102,6,2024-03-01,5,3,3.83,2.3,Needs Closer Monitoring
NL-102,6,2024-04-01,9,4,3.94,1.75,Performance Improvement Plan
NL-102,6,2024-05-01,7,6,3.5,3.0,Consistently Effective
NL-102,6,2024-07-01,4,2,0.77,0.39,Critical Underperformance
NL-102,6,2024-08-01,8,6,1.57,1.18,Performance Improvement Plan
NL-102,6,2024-10-01,5,3,0.88,0.53,Critical Underperformance
NL-102,6,2024-11-01,10,6,3.26,1.96,Performance Improvement Plan
NL-102,6,2025-01-01,4,2,0.6,0.3,Critical Underperformance
NLI-016,4,2024-03-01,10,10,3.6,3.6,Consistently Effective
NLI-016,4,2024-04-01,7,4,0.91,0.52,Critical Underperformance
NLI-016,4,2024-05-01,8,6,4.3,3.22,Consistently Effective
NLI-016,4,2024-07-01,10,10,4.3,4.3,Outstanding Contributor
NLI-016,4,2024-08-01,9,3,4.93,1.64,Performance Improvement Plan
NLI-016,4,2024-10-01,3,2,4.32,2.88,Needs Closer Monitoring
NLI-016,4,2024-11-01,7,4,2.27,1.3,Performance Improvement Plan
NLI-016,4,2025-01-01,8,4,4.19,2.1,Needs Closer Monitoring
NL-107,5,2024-03-01,3,3,1.3,1.3,Performance Improvement Plan
NL-107,5,2024-04-01,10,5,4.57,2.29,Needs Closer Monitoring
NL-107,5,2024-05-01,3,3,3.43,3.43,Consistently Effective
NL-107,5,2024-07-01,5,4,2.15,1.72,Performance Improvement Plan
NL-107,5,2024-08-01,7,6,1.82,1.56,Performance Improvement Plan
NL-107,5,2024-10-01,4,3,1.53,1.15,Performance Improvement Plan
NL-107,5,2024-11-01,3,2,3.1,2.07,Needs Closer Monitoring
NL-107,5,2025-01-01,7,6,0.22,0.19,Critical Underperformance
NL-110,26,2024-03-01,5,3,2.47,1.48,Performance Improvement Plan
NL-110,26,2024-04-01,3,2,1.0,0.67,Critical Underperformance
NL-110,26,2024-05-01,9,7,1.61,1.25,Performance Improvement Plan
NL-110,26,2024-07-01,7,3,4.25,1.82,Performance Improvement Plan
NL-110,26,2024-08-01,8,7,1.97,1.72,Performance Improvement Plan
NL-110,26,2024-10-01,9,3,3.89,1.3,Performance Improvement Plan
NL-110,26,2024-11-01,10,8,3.03,2.42,Needs Closer Monitoring
NL-110,26,2025-01-01,10,4,1.39,0.56,Critical Underperformance
NLI-019,23,2024-03-01,4,4,2.71,2.71,Needs Closer Monitoring
NLI-019,23,2024-04-01,4,3,4.85,3.64,Consistently Effective
NLI-019,23,2024-05-01,10,4,4.68,1.87,Performance Improvement Plan
NLI-019,23,2024-07-01,10,2,1.54,0.31,Critical Underperformance
NLI-019,23,2024-08-01,4,4,0.88,0.88,Critical Underperformance
NLI-019,23,2024-10-01,6,5,2.46,2.05,Needs Closer Monitoring
NLI-019,23,2024-11-01,10,7,1.41,0.99,Critical Underperformance
NLI-019,23,2025-01-01,7,5,1.9,1.36,Performance Improvement Plan
NL-112,22,2024-03-01,6,3,2.9,1.45,Performance Improvement Plan
NL-112,22,2024-04-01,4,3,0.44,0.33,Critical Underperformance
NL-112,22,2024-05-01,6,5,0.67,0.56,Critical Underperformance
NL-112,22,2024-07-01,6,3,0.15,0.07,Critical Underperformance
NL-112,22,2024-08-01,3,3,3.96,3.96,Consistently Effective
NL-112,22,2024-10-01,3,3,0.29,0.29,Critical Underperformance
NL-112,22,2024-11-01,8,2,3.79,0.95,Critical Underperformance
NL-112,22,2025-01-01,3,3,2.98,2.98,Needs Closer Monitoring
NLI-021,10,2024-03-01,5,5,1.41,1.41,Performance Improvement Plan
NLI-021,10,2024-04-01,8,7,4.45,3.89,Consistently Effective
NLI-021,10,2024-05-01,5,3,0.45,0.27,Critical Underperformance
NLI-021,10,2024-07-01,3,2,3.32,2.21,Needs Closer Monitoring
NLI-021,10,2024-08-01,4,4,3.09,3.09,Consistently Effective
NLI-021,10,2024-10-01,4,4,2.86,2.86,Needs Closer Monitoring
NLI-021,10,2024-11-01,8,3,1.73,0.65,Critical Underperformance
NLI-021,10,2025-01-01,4,3,2.64,1.98,Performance Improvement Plan
NL-118,3,2024-03-01,5,4,2.85,2.28,Needs Closer Monitoring
NL-118,3,2024-04-01,10,8,0.53,0.42,Critical Underperformance
NL-118,3,2024-05-01,7,4,4.76,2.72,Needs Closer Monitoring
NL-118,3,2024-07-01,4,4,2.97,2.97,Needs Closer Monitoring
NL-118,3,2024-08-01,9,8,1.58,1.4,Performance Improvement Plan
NL-118,3,2024-10-01,4,4,1.47,1.47,Performance Improvement Plan
NL-118,3,2024-11-01,9,2,3.33,0.74,Critical Underperformance
NL-118,3,2025-01-01,5,5,3.49,3.49,Consistently Effective
NL-119,10,2024-03-01,7,5,0.38,0.27,Critical Underperformance
NL-119,10,2024-04-01,10,2,3.08,0.62,Critical Underperformance
NL-119,10,2024-05-01,4,2,2.87,1.44,Performance Improvement Plan
NL-119,10,2024-07-01,3,3,1.88,1.88,Performance Improvement Plan
NL-119,10,2024-08-01,5,4,3.82,3.06,Consistently Effective
NL-119,10,2024-10-01,3,2,4.83,3.22,Consistently Effective
NL-119,10,2024-11-01,5,3,4.59,2.75,Needs Closer Monitoring
NL-119,10,2025-01-01,7,4,4.34,2.48,Needs Closer Monitoring
NL-121,11,2024-03-01,5,2,0.83,0.33,Critical Underperformance
NL-121,11,2024-04-01,7,7,3.54,3.54,Consistently Effective
NL-121,11,2024-05-01,9,9,1.17,1.17,Performance Improvement Plan
NL-121,11,2024-07-01,7,5,1.28,0.91,Critical Underperformance
NL-121,11,2024-08-01,8,3,2.38,0.89,Critical Underperformance
NL-121,11,2024-10-01,5,5,0.15,0.15,Critical Underperformance
NL-121,11,2024-11-01,3,2,1.78,1.19,Performance Improvement Plan
NL-121,11,2025-01-01,8,2,0.73,0.18,Critical Underperformance
NLI-023,7,2024-03-01,7,6,2.23,1.91,Performance Improvement Plan
NLI-023,7,2024-04-01,8,4,0.26,0.13,Critical Underperformance
NLI-023,7,2024-05-01,7,5,4.42,3.16,Consistently Effective
NLI-023,7,2024-07-01,10,2,2.15,0.43,Critical Underperformance
NLI-023,7,2024-08-01,8,6,3.71,2.78,Needs Closer Monitoring
NLI-023,7,2024-10-01,9,4,1.72,0.76,Critical Underperformance
NLI-023,7,2024-11-01,6,6,1.17,1.17,Performance Improvement Plan
NLI-023,7,2025-01-01,5,5,0.76,0.76,Critical Underperformance
NL-122,19,2024-03-01,4,3,3.52,2.64,Needs Closer Monitoring
NL-122,19,2024-04-01,8,2,1.88,0.47,Critical Underperformance
NL-122,19,2024-05-01,5,4,1.73,1.38,Performance Improvement Plan
NL-122,19,2024-07-01,5,5,0.64,0.64,Critical Underperformance
NL-122,19,2024-08-01,4,2,0.64,0.32,Critical Underperformance
NL-122,19,2024-10-01,7,5,2.55,1.82,Performance Improvement Plan
NL-122,19,2024-11-01,3,3,1.21,1.21,Performance Improvement Plan
NL-122,19,2025-01-01,6,5,1.33,1.11,Performance Improvement Plan
NL-125,5,2024-03-01,4,3,0.34,0.26,Critical Underperformance
NL-125,5,2024-04-01,8,8,2.17,2.17,Needs Closer Monitoring
NL-125,5,2024-05-01,5,5,4.84,4.84,Outstanding Contributor
NL-125,5,2024-07-01,7,3,0.86,0.37,Critical Underperformance
NL-125,5,2024-08-01,6,3,3.59,1.79,Performance Improvement Plan
NL-125,5,2024-10-01,3,3,3.08,3.08,Consistently Effective
NL-125,5,2024-11-01,3,2,2.5,1.67,Performance Improvement Plan
NL-125,5,2025-01-01,5,3,3.17,1.9,Performance Improvement Plan
NL-126,25,2024-03-01,7,5,4.95,3.54,Consistently Effective
NL-126,25,2024-04-01,8,3,3.69,1.38,Performance Improvement Plan
NL-126,25,2024-05-01,7,6,0.73,0.63,Critical Underperformance
NL-126,25,2024-07-01,7,7,3.61,3.61,Consistently Effective
NL-126,25,2024-08-01,5,5,2.85,2.85,Needs Closer Monitoring
NL-126,25,2024-10-01,5,2,4.83,1.93,Performance Improvement Plan
NL-126,25,2024-11-01,7,2,4.19,1.2,Performance Improvement Plan
NL-126,25,2025-01-01,5,5,4.63,4.63,Outstanding Contributor
NL-130,16,2024-03-01,6,5,2.01,1.67,Performance Improvement Plan
NL-130,16,2024-04-01,5,3,3.73,2.24,Needs Closer Monitoring
NL-130,16,2024-05-01,6,4,4.63,3.09,Consistently Effective
NL-130,16,2024-07-01,9,7,0.08,0.06,Critical Underperformance
NL-130,16,2024-08-01,4,3,1.77,1.33,Performance Improvement Plan
NL-130,16,2024-10-01,5,5,4.51,4.51,Outstanding Contributor
NL-130,16,2024-11-01,4,2,2.56,1.28,Performance Improvement Plan
NL-130,16,2025-01-01,3,3,0.02,0.02,Critical Underperformance
NL-133,7,2024-03-01,7,2,0.7,0.2,Critical Underperformance
NL-133,7,2024-04-01,5,3,4.55,2.73,Needs Closer Monitoring
NL-133,7,2024-05-01,8,4,0.98,0.49,Critical Underperformance
NL-133,7,2024-07-01,8,6,0.06,0.04,Critical Underperformance
NL-133,7,2024-08-01,7,6,3.35,2.87,Needs Closer Monitoring
NL-133,7,2024-10-01,10,2,3.15,0.63,Critical Underperformance
NL-133,7,2024-11-01,3,2,4.5,3.0,Consistently Effective
NL-133,7,2025-01-01,3,3,1.25,1.25,Performance Improvement Plan
NL-134,12,2024-03-01,5,2,3.42,1.37,Performance Improvement Plan
NL-134,12,2024-04-01,3,2,2.55,1.7,Performance Improvement Plan
NL-134,12,2024-05-01,4,2,2.89,1.45,Performance Improvement Plan
NL-134,12,2024-07-01,9,9,2.31,2.31,Needs Closer Monitoring
NL-134,12,2024-08-01,8,8,2.99,2.99,Needs Closer Monitoring
NL-134,12,2024-10-01,7,2,2.18,0.62,Critical Underperformance
NL-134,12,2024-11-01,4,4,3.1,3.1,Consistently Effective
NL-134,12,2025-01-01,6,4,0.01,0.01,Critical Underperformance
NL-136,8,2024-03-01,6,5,3.61,3.01,Consistently Effective
NL-136,8,2024-04-01,5,4,4.99,3.99,Consistently Effective
NL-136,8,2024-05-01,10,8,1.01,0.81,Critical Underperformance
NL-136,8,2024-07-01,10,3,2.17,0.65,Critical Underperformance
NL-136,8,2024-08-01,6,2,1.77,0.59,Critical Underperformance
NL-136,8,2024-10-01,8,5,4.52,2.82,Needs Closer Monitoring
NL-136,8,2024-11-01,3,3,3.88,3.88,Consistently Effective
NL-136,8,2025-01-01,3,3,4.56,4.56,Outstanding Contributor
NL-145,17,2024-03-01,9,6,1.39,0.93,Critical Underperformance
NL-145,17,2024-04-01,6,3,0.5,0.25,Critical Underperformance
NL-145,17,2024-05-01,3,3,3.29,3.29,Consistently Effective
NL-145,17,2024-07-01,7,5,3.24,2.31,Needs Closer Monitoring
NL-145,17,2024-08-01,5,4,0.56,0.45,Critical Underperformance
NL-145,17,2024-10-01,7,6,3.16,2.71,Needs Closer Monitoring
NL-145,17,2024-11-01,4,2,3.81,1.91,Performance Improvement Plan
NL-145,17,2025-01-01,9,4,4.68,2.08,Needs Closer Monitoring
NL-148,18,2024-03-01,5,2,3.83,1.53,Performance Improvement Plan
NL-148,18,2024-04-01,7,2,4.71,1.35,Performance Improvement Plan
NL-148,18,2024-05-01,8,8,0.2,0.2,Critical Underperformance
NL-148,18,2024-07-01,5,4,4.03,3.22,Consistently Effective
NL-148,18,2024-08-01,9,5,4.26,2.37,Needs Closer Monitoring
NL-148,18,2024-10-01,10,5,4.84,2.42,Needs Closer Monitoring
NL-148,18,2024-11-01,6,6,0.03,0.03,Critical Underperformance
NL-148,18,2025-01-01,7,6,1.31,1.12,Performance Improvement Plan
NL-151,25,2024-03-01,7,2,2.39,0.68,Critical Underperformance
NL-151,25,2024-04-01,7,6,4.84,4.15,Outstanding Contributor
NL-151,25,2024-05-01,5,5,2.3,2.3,Needs Closer Monitoring
NL-151,25,2024-07-01,9,5,2.33,1.29,Performance Improvement Plan
NL-151,25,2024-08-01,5,5,4.14,4.14,Outstanding Contributor
NL-151,25,2024-10-01,10,7,3.96,2.77,Needs Closer Monitoring
NL-151,25,2024-11-01,7,6,4.56,3.91,Consistently Effective
NL-151,25,2025-01-01,5,5,4.03,4.03,Outstanding Contributor
NL-159,14,2024-03-01,7,6,4.21,3.61,Consistently Effective
NL-159,14,2024-04-01,5,3,3.28,1.97,Performance Improvement Plan
NL-159,14,2024-05-01,8,2,0.88,0.22,Critical Underperformance
NL-159,14,2024-07-01,4,3,1.54,1.16,Performance Improvement Plan
NL-159,14,2024-08-01,8,8,4.89,4.89,Outstanding Contributor
NL-159,14,2024-10-01,8,3,4.26,1.6,Performance Improvement Plan
NL-159,14,2024-11-01,7,3,4.54,1.95,Performance Improvement Plan
NL-159,14,2025-01-01,7,6,0.45,0.39,Critical Underperformance
NL-163,9,2024-03-01,7,3,0.31,0.13,Critical Underperformance
NL-163,9,2024-04-01,5,2,1.47,0.59,Critical Underperformance
NL-163,9,2024-05-01,7,6,0.75,0.64,Critical Underperformance
NL-163,9,2024-07-01,9,8,3.74,3.32,Consistently Effective
NL-163,9,2024-08-01,7,7,4.47,4.47,Outstanding Contributor
NL-163,9,2024-10-01,5,4,1.52,1.22,Performance Improvement Plan
NL-163,9,2024-11-01,6,2,0.71,0.24,Critical Underperformance
NL-163,9,2025-01-01,5,3,2.54,1.52,Performance Improvement Plan
NL-166,27,2024-03-01,3,3,3.0,3.0,Consistently Effective
NL-166,27,2024-04-01,4,4,1.73,1.73,Performance Improvement Plan
NL-166,27,2024-05-01,3,2,2.56,1.71,Performance Improvement Plan
NL-166,27,2024-07-01,7,6,1.17,1.0,Performance Improvement Plan
NL-166,27,2024-08-01,9,2,0.48,0.11,Critical Underperformance
NL-166,27,2024-10-01,5,5,0.12,0.12,Critical Underperformance
NL-166,27,2024-11-01,8,3,1.68,0.63,Critical Underperformance
NL-166,27,2025-01-01,5,5,1.33,1.33,Performance Improvement Plan
NL-167,6,2024-03-01,3,2,0.61,0.41,Critical Underperformance
NL-167,6,2024-04-01,5,5,2.97,2.97,Needs Closer Monitoring
NL-167,6,2024-05-01,5,5,0.2,0.2,Critical Underperformance
NL-167,6,2024-07-01,4,2,4.56,2.28,Needs Closer Monitoring
NL-167,6,2024-08-01,6,6,1.16,1.16,Performance Improvement Plan
NL-167,6,2024-10-01,9,6,3.43,2.29,Needs Closer Monitoring
NL-167,6,2024-11-01,7,5,0.06,0.04,Critical Underperformance
NL-167,6,2025-01-01,4,2,2.23,1.11,Performance Improvement Plan
NL-168,6,2024-03-01,7,6,4.87,4.17,Outstanding Contributor
NL-168,6,2024-04-01,5,4,2.69,2.15,Needs Closer Monitoring
NL-168,6,2024-05-01,5,4,0.48,0.38,Critical Underperformance
NL-168,6,2024-07-01,3,3,4.71,4.71,Outstanding Contributor
NL-168,6,2024-08-01,8,3,3.19,1.2,Performance Improvement Plan
NL-168,6,2024-10-01,6,2,0.43,0.14,Critical Underperformance
NL-168,6,2024-11-01,9,5,4.27,2.37,Needs Closer Monitoring
NL-168,6,2025-01-01,7,5,1.12,0.8,Critical Underperformance
NL-173,6,2024-03-01,3,3,3.16,3.16,Consistently Effective
NL-173,6,2024-04-01,3,2,3.56,2.37,Needs Closer Monitoring
NL-173,6,2024-05-01,4,4,1.99,1.99,Performance Improvement Plan
NL-173,6,2024-07-01,7,7,1.39,1.39,Performance Improvement Plan
NL-173,6,2024-08-01,6,3,1.36,0.68,Critical Underperformance
NL-173,6,2024-10-01,7,3,3.74,1.6,Performance Improvement Plan
NL-173,6,2024-11-01,7,4,4.13,2.36,Needs Closer Monitoring
NL-173,6,2025-01-01,10,3,0.17,0.05,Critical Underperformance
NL-174,8,2024-03-01,10,4,3.58,1.43,Performance Improvement Plan
NL-174,8,2024-04-01,4,2,4.46,2.23,Needs Closer Monitoring
NL-174,8,2024-05-01,7,2,2.79,0.8,Critical Underperformance
NL-174,8,2024-07-01,6,4,1.54,1.03,Performance Improvement Plan
NL-174,8,2024-08-01,7,2,3.3,0.94,Critical Underperformance
NL-174,8,2024-10-01,7,4,0.73,0.42,Critical Underperformance
NL-174,8,2024-11-01,3,3,0.66,0.66,Critical Underperformance
NL-174,8,2025-01-01,7,4,3.55,2.03,Needs Closer Monitoring
NL-176,23,2024-03-01,10,9,1.83,1.65,Performance Improvement Plan
NL-176,23,2024-04-01,10,5,4.83,2.42,Needs Closer Monitoring
NL-176,23,2024-05-01,9,5,1.7,0.94,Critical Underperformance
NL-176,23,2024-07-01,7,7,4.31,4.31,Outstanding Contributor
NL-176,23,2024-08-01,9,9,2.33,2.33,Needs Closer Monitoring
NL-176,23,2024-10-01,3,3,2.01,2.01,Needs Closer Monitoring
NL-176,23,2024-11-01,3,2,2.7,1.8,Performance Improvement Plan
NL-176,23,2025-01-01,4,4,2.94,2.94,Needs Closer Monitoring
NL-177,25,2024-03-01,5,2,4.34,1.74,Performance Improvement Plan
NL-177,25,2024-04-01,5,4,0.13,0.1,Critical Underperformance
NL-177,25,2024-05-01,10,3,0.5,0.15,Critical Underperformance
NL-177,25,2024-07-01,5,5,1.07,1.07,Performance Improvement Plan
NL-177,25,2024-08-01,7,5,2.42,1.73,Performance Improvement Plan
NL-177,25,2024-10-01,5,5,4.32,4.32,Outstanding Contributor
NL-177,25,2024-11-01,7,6,1.14,0.98,Critical Underperformance
NL-177,25,2025-01-01,9,3,2.11,0.7,Critical Underperformance
NL-179,14,2024-03-01,3,3,4.2,4.2,Outstanding Contributor
NL-179,14,2024-04-01,3,3,1.39,1.39,Performance Improvement Plan
NL-179,14,2024-05-01,9,3,2.51,0.84,Critical Underperformance
NL-179,14,2024-07-01,7,5,3.55,2.54,Needs Closer Monitoring
NL-179,14,2024-08-01,4,2,4.01,2.0,Needs Closer Monitoring
NL-179,14,2024-10-01,6,3,1.17,0.58,Critical Underperformance
NL-179,14,2024-11-01,6,5,1.65,1.38,Performance Improvement Plan
NL-179,14,2025-01-01,3,3,4.71,4.71,Outstanding Contributor
NL-183,18,2024-03-01,6,4,3.13,2.09,Needs Closer Monitoring
NL-183,18,2024-04-01,3,3,1.27,1.27,Performance Improvement Plan
NL-183,18,2024-05-01,8,2,3.33,0.83,Critical Underperformance
NL-183,18,2024-07-01,6,5,3.02,2.52,Needs Closer Monitoring
NL-183,18,2024-08-01,10,2,2.55,0.51,Critical Underperformance
NL-183,18,2024-10-01,4,4,2.4,2.4,Needs Closer Monitoring
NL-183,18,2024-11-01,7,2,1.09,0.31,Critical Underperformance
NL-183,18,2025-01-01,8,5,3.82,2.39,Needs Closer Monitoring
NL-184,15,2024-03-01,7,2,1.31,0.37,Critical Underperformance
NL-184,15,2024-04-01,3,3,2.74,2.74,Needs Closer Monitoring
NL-184,15,2024-05-01,5,4,4.01,3.21,Consistently Effective
NL-184,15,2024-07-01,9,8,0.86,0.76,Critical Underperformance
NL-184,15,2024-08-01,5,3,0.34,0.2,Critical Underperformance
NL-184,15,2024-10-01,4,3,2.9,2.17,Needs Closer Monitoring
NL-184,15,2024-11-01,3,3,0.14,0.14,Critical Underperformance
NL-184,15,2025-01-01,3,3,1.34,1.34,Performance Improvement Plan
NL-186,30,2024-03-01,5,4,2.96,2.37,Needs Closer Monitoring
NL-186,30,2024-04-01,3,2,1.52,1.01,Performance Improvement Plan
NL-186,30,2024-05-01,10,6,0.97,0.58,Critical Underperformance
NL-186,30,2024-07-01,7,2,2.22,0.63,Critical Underperformance
NL-186,30,2024-08-01,6,2,0.27,0.09,Critical Underperformance
NL-186,30,2024-10-01,5,3,1.46,0.88,Critical Underperformance
NL-186,30,2024-11-01,4,3,4.21,3.16,Consistently Effective
NL-186,30,2025-01-01,10,4,1.72,0.69,Critical Underperformance
NL-187,9,2024-03-01,6,5,0.85,0.71,Critical Underperformance
NL-187,9,2024-04-01,10,8,2.23,1.78,Performance Improvement Plan
NL-187,9,2024-05-01,4,3,3.05,2.29,Needs Closer Monitoring
NL-187,9,2024-07-01,4,4,0.58,0.58,Critical Underperformance
NL-187,9,2024-08-01,8,6,4.24,3.18,Consistently Effective
NL-187,9,2024-10-01,7,5,1.74,1.24,Performance Improvement Plan
NL-187,9,2024-11-01,5,3,2.66,1.6,Performance Improvement Plan
NL-187,9,2025-01-01,4,4,3.1,3.1,Consistently Effective
NL-188,4,2024-03-01,7,4,4.77,2.73,Needs Closer Monitoring
NL-188,4,2024-04-01,4,4,0.76,0.76,Critical Underperformance
NL-188,4,2024-05-01,3,2,2.45,1.63,Performance Improvement Plan
NL-188,4,2024-07-01,7,6,3.19,2.73,Needs Closer Monitoring
NL-188,4,2024-08-01,5,2,1.75,0.7,Critical Underperformance
NL-188,4,2024-10-01,8,3,1.7,0.64,Critical Underperformance
NL-188,4,2024-11-01,7,2,0.0,0.0,Critical Underperformance
NL-188,4,2025-01-01,10,8,4.81,3.85,Consistently Effective
NL-195,11,2024-03-01,10,8,3.27,2.62,Needs Closer Monitoring
NL-195,11,2024-04-01,6,4,3.26,2.17,Needs Closer Monitoring
NL-195,11,2024-05-01,6,6,2.71,2.71,Needs Closer Monitoring
NL-195,11,2024-07-01,4,2,1.47,0.73,Critical Underperformance
NL-195,11,2024-08-01,4,4,4.54,4.54,Outstanding Contributor
NL-195,11,2024-10-01,8,2,4.53,1.13,Performance Improvement Plan
NL-195,11,2024-11-01,7,7,1.15,1.15,Performance Improvement Plan
NL-195,11,2025-01-01,4,3,4.99,3.74,Consistently Effective
NL-199,1,2024-03-01,9,4,4.43,1.97,Performance Improvement Plan
NL-199,1,2024-04-01,3,3,0.22,0.22,Critical Underperformance
NL-199,1,2024-05-01,8,5,0.9,0.56,Critical Underperformance
NL-199,1,2024-07-01,9,6,3.03,2.02,Needs Closer Monitoring
NL-199,1,2024-08-01,10,6,3.35,2.01,Needs Closer Monitoring
NL-199,1,2024-10-01,7,2,0.99,0.28,Critical Underperformance
NL-199,1,2024-11-01,4,2,3.69,1.84,Performance Improvement Plan
NL-199,1,2025-01-01,5,2,3.22,1.29,Performance Improvement Plan
NL-201,10,2024-03-01,3,2,4.53,3.02,Consistently Effective
NL-201,10,2024-04-01,10,2,4.82,0.96,Critical Underperformance
NL-201,10,2024-05-01,8,5,1.7,1.06,Performance Improvement Plan
NL-201,10,2024-07-01,8,6,2.43,1.82,Performance Improvement Plan
NL-201,10,2024-08-01,10,3,0.68,0.2,Critical Underperformance
NL-201,10,2024-10-01,5,4,1.87,1.5,Performance Improvement Plan
NL-201,10,2024-11-01,6,2,1.73,0.58,Critical Underperformance
NL-201,10,2025-01-01,7,4,4.35,2.49,Needs Closer Monitoring
NL-204,11,2024-03-01,7,5,4.11,2.94,Needs Closer Monitoring
NL-204,11,2024-04-01,4,2,0.79,0.4,Critical Underperformance
NL-204,11,2024-05-01,7,4,1.37,0.78,Critical Underperformance
NL-204,11,2024-07-01,6,4,3.19,2.13,Needs Closer Monitoring
NL-204,11,2024-08-01,6,5,0.63,0.53,Critical Underperformance
NL-204,11,2024-10-01,6,5,0.81,0.68,Critical Underperformance
NL-204,11,2024-11-01,5,5,2.6,2.6,Needs Closer Monitoring
NL-204,11,2025-01-01,9,3,3.24,1.08,Performance Improvement Plan
NLI-031,22,2024-03-01,4,4,3.73,3.73,Consistently Effective
NLI-031,22,2024-04-01,8,8,4.99,4.99,Outstanding Contributor
NLI-031,22,2024-05-01,4,2,1.77,0.89,Critical Underperformance
NLI-031,22,2024-07-01,9,7,3.16,2.46,Needs Closer Monitoring
NLI-031,22,2024-08-01,10,7,3.07,2.15,Needs Closer Monitoring
NLI-031,22,2024-10-01,7,7,0.09,0.09,Critical Underperformance
NLI-031,22,2024-11-01,9,6,4.31,2.87,Needs Closer Monitoring
NLI-031,22,2025-01-01,8,7,3.07,2.69,Needs Closer Monitoring
NL-206,19,2024-03-01,9,6,1.02,0.68,Critical Underperformance
NL-206,19,2024-04-01,9,4,1.84,0.82,Critical Underperformance
NL-206,19,2024-05-01,4,2,0.71,0.35,Critical Underperformance
NL-206,19,2024-07-01,7,3,1.98,0.85,Critical Underperformance
NL-206,19,2024-08-01,8,7,4.82,4.22,Outstanding Contributor
NL-206,19,2024-10-01,5,2,0.12,0.05,Critical Underperformance
NL-206,19,2024-11-01,7,4,3.29,1.88,Performance Improvement Plan
NL-206,19,2025-01-01,4,2,0.3,0.15,Critical Underperformance
NL-207,4,2024-03-01,10,2,1.13,0.23,Critical Underperformance
NL-207,4,2024-04-01,8,3,0.05,0.02,Critical Underperformance
NL-207,4,2024-05-01,10,6,2.24,1.34,Performance Improvement Plan
NL-207,4,2024-07-01,5,3,0.73,0.44,Critical Underperformance
NL-207,4,2024-08-01,8,2,3.12,0.78,Critical Underperformance
NL-207,4,2024-10-01,9,7,0.77,0.6,Critical Underperformance
NL-207,4,2024-11-01,3,3,2.63,2.63,Needs Closer Monitoring
NL-207,4,2025-01-01,6,5,1.05,0.88,Critical Underperformance
NL-208,17,2024-03-01,8,2,0.19,0.05,Critical Underperformance
NL-208,17,2024-04-01,8,7,1.67,1.46,Performance Improvement Plan
NL-208,17,2024-05-01,10,6,4.33,2.6,Needs Closer Monitoring
NL-208,17,2024-07-01,6,3,2.11,1.05,Performance Improvement Plan
NL-208,17,2024-08-01,7,5,1.04,0.74,Critical Underperformance
NL-208,17,2024-10-01,6,2,1.01,0.34,Critical Underperformance
NL-208,17,2024-11-01,5,5,1.37,1.37,Performance Improvement Plan
NL-208,17,2025-01-01,6,3,0.96,0.48,Critical Underperformance
NL-209,23,2024-03-01,3,2,2.32,1.55,Performance Improvement Plan
NL-209,23,2024-04-01,8,3,3.7,1.39,Performance Improvement Plan
NL-209,23,2024-05-01,4,2,4.14,2.07,Needs Closer Monitoring
NL-209,23,2024-07-01,4,3,2.22,1.67,Performance Improvement Plan
NL-209,23,2024-08-01,5,5,2.8,2.8,Needs Closer Monitoring
NL-209,23,2024-10-01,4,3,3.82,2.86,Needs Closer Monitoring
NL-209,23,2024-11-01,6,5,4.78,3.98,Consistently Effective
NL-209,23,2025-01-01,8,6,1.24,0.93,Critical Underperformance
NL-210,12,2024-03-01,6,4,0.97,0.65,Critical Underperformance
NL-210,12,2024-04-01,6,5,4.93,4.11,Outstanding Contributor
NL-210,12,2024-05-01,5,4,4.82,3.86,Consistently Effective
NL-210,12,2024-07-01,3,2,0.69,0.46,Critical Underperformance
NL-210,12,2024-08-01,4,4,2.73,2.73,Needs Closer Monitoring
NL-210,12,2024-10-01,6,4,0.69,0.46,Critical Underperformance
NL-210,12,2024-11-01,9,7,1.33,1.03,Performance Improvement Plan
NL-210,12,2025-01-01,10,2,4.84,0.97,Critical Underperformance
NL-212,1,2024-03-01,8,7,1.47,1.29,Performance Improvement Plan
NL-212,1,2024-04-01,8,6,4.08,3.06,Consistently Effective
NL-212,1,2024-05-01,7,4,3.2,1.83,Performance Improvement Plan
NL-212,1,2024-07-01,8,8,0.03,0.03,Critical Underperformance
NL-212,1,2024-08-01,4,4,0.55,0.55,Critical Underperformance
NL-212,1,2024-10-01,6,6,2.99,2.99,Needs Closer Monitoring
NL-212,1,2024-11-01,9,7,0.66,0.51,Critical Underperformance
NL-212,1,2025-01-01,5,3,0.24,0.14,Critical Underperformance
NLI-032,3,2024-03-01,8,5,4.81,3.01,Consistently Effective
NLI-032,3,2024-04-01,5,4,3.39,2.71,Needs Closer Monitoring
NLI-032,3,2024-05-01,10,5,1.07,0.54,Critical Underperformance
NLI-032,3,2024-07-01,6,5,0.81,0.68,Critical Underperformance
NLI-032,3,2024-08-01,7,4,3.46,1.98,Performance Improvement Plan
NLI-032,3,2024-10-01,9,7,4.57,3.55,Consistently Effective
NLI-032,3,2024-11-01,4,3,1.78,1.33,Performance Improvement Plan
NLI-032,3,2025-01-01,4,2,2.95,1.48,Performance Improvement Plan
NL-221,13,2024-03-01,6,3,3.07,1.53,Performance Improvement Plan
NL-221,13,2024-04-01,4,2,0.77,0.39,Critical Underperformance
NL-221,13,2024-05-01,10,2,2.53,0.51,Critical Underperformance
NL-221,13,2024-07-01,6,2,4.72,1.57,Performance Improvement Plan
NL-221,13,2024-08-01,10,5,4.95,2.48,Needs Closer Monitoring
NL-221,13,2024-10-01,8,7,0.48,0.42,Critical Underperformance
NL-221,13,2024-11-01,3,2,4.91,3.27,Consistently Effective
NL-221,13,2025-01-01,6,5,0.05,0.04,Critical Underperformance
NL-222,9,2024-03-01,9,8,3.34,2.97,Needs Closer Monitoring
NL-222,9,2024-04-01,7,4,0.21,0.12,Critical Underperformance
NL-222,9,2024-05-01,9,6,4.83,3.22,Consistently Effective
NL-222,9,2024-07-01,9,9,2.1,2.1,Needs Closer Monitoring
NL-222,9,2024-08-01,7,5,3.43,2.45,Needs Closer Monitoring
NL-222,9,2024-10-01,4,2,3.31,1.66,Performance Improvement Plan
NL-222,9,2024-11-01,6,2,2.33,0.78,Critical Underperformance
NL-222,9,2025-01-01,3,2,0.43,0.29,Critical Underperformance
NL-223,6,2024-03-01,9,6,4.6,3.07,Consistently Effective
NL-223,6,2024-04-01,9,9,2.63,2.63,Needs Closer Monitoring
NL-223,6,2024-05-01,8,7,1.56,1.36,Performance Improvement Plan
NL-223,6,2024-07-01,6,3,2.11,1.05,Performance Improvement Plan
NL-223,6,2024-08-01,5,5,0.73,0.73,Critical Underperformance
NL-223,6,2024-10-01,8,2,0.71,0.18,Critical Underperformance
NL-223,6,2024-11-01,8,3,2.16,0.81,Critical Underperformance
NL-223,6,2025-01-01,3,3,1.88,1.88,Performance Improvement Plan
NL-225,16,2024-03-01,7,7,4.34,4.34,Outstanding Contributor
NL-225,16,2024-04-01,6,4,1.34,0.89,Critical Underperformance
NL-225,16,2024-05-01,5,5,0.23,0.23,Critical Underperformance
NL-225,16,2024-07-01,6,4,3.54,2.36,Needs Closer Monitoring
NL-225,16,2024-08-01,5,5,2.78,2.78,Needs Closer Monitoring
NL-225,16,2024-10-01,3,2,1.38,0.92,Critical Underperformance
NL-225,16,2024-11-01,3,2,4.02,2.68,Needs Closer Monitoring
NL-225,16,2025-01-01,5,4,3.95,3.16,Consistently Effective
NL-227,10,2024-03-01,5,3,3.44,2.06,Needs Closer Monitoring
NL-227,10,2024-04-01,3,3,3.36,3.36,Consistently Effective
NL-227,10,2024-05-01,9,3,1.84,0.61,Critical Underperformance
NL-227,10,2024-07-01,8,2,1.4,0.35,Critical Underperformance
NL-227,10,2024-08-01,4,3,0.82,0.61,Critical Underperformance
NL-227,10,2024-10-01,10,6,2.41,1.45,Performance Improvement Plan
NL-227,10,2024-11-01,6,3,0.68,0.34,Critical Underperformance
NL-227,10,2025-01-01,7,2,2.03,0.58,Critical Underperformance
NL-228,15,2024-03-01,4,3,3.6,2.7,Needs Closer Monitoring
NL-228,15,2024-04-01,5,3,1.53,0.92,Critical Underperformance
NL-228,15,2024-05-01,4,3,4.64,3.48,Consistently Effective
NL-228,15,2024-07-01,9,9,0.67,0.67,Critical Underperformance
NL-228,15,2024-08-01,4,4,1.3,1.3,Performance Improvement Plan
NL-228,15,2024-10-01,4,3,1.67,1.25,Performance Improvement Plan
NL-228,15,2024-11-01,7,4,3.53,2.02,Needs Closer Monitoring
NL-228,15,2025-01-01,9,6,0.72,0.48,Critical Underperformance
NL-231,9,2024-03-01,6,6,4.06,4.06,Outstanding Contributor
NL-231,9,2024-04-01,5,3,0.27,0.16,Critical Underperformance
NL-231,9,2024-05-01,9,4,1.27,0.56,Critical Underperformance
NL-231,9,2024-07-01,3,3,0.46,0.46,Critical Underperformance
NL-231,9,2024-08-01,8,5,0.71,0.44,Critical Underperformance
NL-231,9,2024-10-01,9,6,0.82,0.55,Critical Underperformance
NL-231,9,2024-11-01,9,2,0.26,0.06,Critical Underperformance
NL-231,9,2025-01-01,10,4,1.43,0.57,Critical Underperformance
NL-234,4,2024-03-01,4,2,3.48,1.74,Performance Improvement Plan
NL-234,4,2024-04-01,8,6,2.02,1.52,Performance Improvement Plan
NL-234,4,2024-05-01,6,2,1.52,0.51,Critical Underperformance
NL-234,4,2024-07-01,3,3,0.05,0.05,Critical Underperformance
NL-234,4,2024-08-01,7,4,2.57,1.47,Performance Improvement Plan
NL-234,4,2024-10-01,4,4,3.14,3.14,Consistently Effective
NL-234,4,2024-11-01,8,2,0.83,0.21,Critical Underperformance
NL-234,4,2025-01-01,10,8,4.75,3.8,Consistently Effective
NL-237,18,2024-03-01,10,3,4.28,1.28,Performance Improvement Plan
NL-237,18,2024-04-01,5,3,3.29,1.97,Performance Improvement Plan
NL-237,18,2024-05-01,5,5,4.9,4.9,Outstanding Contributor
NL-237,18,2024-07-01,4,3,4.8,3.6,Consistently Effective
NL-237,18,2024-08-01,3,2,4.08,2.72,Needs Closer Monitoring
NL-237,18,2024-10-01,4,4,4.95,4.95,Outstanding Contributor
NL-237,18,2024-11-01,6,3,4.49,2.25,Needs Closer Monitoring
NL-237,18,2025-01-01,3,3,2.53,2.53,Needs Closer Monitoring
NL-240,1,2024-03-01,9,5,1.77,0.98,Critical Underperformance
NL-240,1,2024-04-01,3,3,3.89,3.89,Consistently Effective
NL-240,1,2024-05-01,3,2,4.31,2.87,Needs Closer Monitoring
NL-240,1,2024-07-01,4,3,4.6,3.45,Consistently Effective
NL-240,1,2024-08-01,8,6,4.15,3.11,Consistently Effective
NL-240,1,2024-10-01,10,8,2.76,2.21,Needs Closer Monitoring
NL-240,1,2024-11-01,7,5,4.4,3.14,Consistently Effective
NL-240,1,2025-01-01,9,8,3.75,3.33,Consistently Effective
NL-244,10,2024-03-01,9,8,0.48,0.43,Critical Underperformance
NL-244,10,2024-04-01,5,5,0.22,0.22,Critical Underperformance
NL-244,10,2024-05-01,9,8,0.71,0.63,Critical Underperformance
NL-244,10,2024-07-01,5,3,4.41,2.65,Needs Closer Monitoring
NL-244,10,2024-08-01,4,4,3.37,3.37,Consistently Effective
NL-244,10,2024-10-01,10,10,3.6,3.6,Consistently Effective
NL-244,10,2024-11-01,3,2,4.68,3.12,Consistently Effective
NL-244,10,2025-01-01,9,9,2.48,2.48,Needs Closer Monitoring
NL-245,17,2024-03-01,10,10,0.97,0.97,Critical Underperformance
NL-245,17,2024-04-01,8,2,1.77,0.44,Critical Underperformance
NL-245,17,2024-05-01,9,9,4.03,4.03,Outstanding Contributor
NL-245,17,2024-07-01,4,3,1.21,0.91,Critical Underperformance
NL-245,17,2024-08-01,3,2,1.87,1.25,Performance Improvement Plan
NL-245,17,2024-10-01,8,6,0.08,0.06,Critical Underperformance
NL-245,17,2024-11-01,10,4,4.92,1.97,Performance Improvement Plan
NL-245,17,2025-01-01,9,9,1.94,1.94,Performance Improvement Plan
NL-247,2,2024-03-01,9,5,3.29,1.83,Performance Improvement Plan
NL-247,2,2024-04-01,7,6,1.99,1.71,Performance Improvement Plan
NL-247,2,2024-05-01,3,2,0.26,0.17,Critical Underperformance
NL-247,2,2024-07-01,6,6,1.79,1.79,Performance Improvement Plan
NL-247,2,2024-08-01,8,6,0.46,0.35,Critical Underperformance
NL-247,2,2024-10-01,6,6,1.22,1.22,Performance Improvement Plan
NL-247,2,2024-11-01,4,2,1.64,0.82,Critical Underperformance
NL-247,2,2025-01-01,6,5,3.57,2.98,Needs Closer Monitoring
NL-248,26,2024-03-01,3,3,2.65,2.65,Needs Closer Monitoring
NL-248,26,2024-04-01,5,3,1.89,1.13,Performance Improvement Plan
NL-248,26,2024-05-01,7,3,0.1,0.04,Critical Underperformance
NL-248,26,2024-07-01,4,4,0.09,0.09,Critical Underperformance
NL-248,26,2024-08-01,6,4,3.43,2.29,Needs Closer Monitoring
NL-248,26,2024-10-01,7,5,0.22,0.16,Critical Underperformance
NL-248,26,2024-11-01,10,2,3.39,0.68,Critical Underperformance
NL-248,26,2025-01-01,9,5,2.07,1.15,Performance Improvement Plan
NL-252,7,2024-03-01,6,2,4.45,1.48,Performance Improvement Plan
NL-252,7,2024-04-01,7,5,2.62,1.87,Performance Improvement Plan
NL-252,7,2024-05-01,7,6,4.45,3.81,Consistently Effective
NL-252,7,2024-07-01,9,6,3.81,2.54,Needs Closer Monitoring
NL-252,7,2024-08-01,5,3,2.82,1.69,Performance Improvement Plan
NL-252,7,2024-10-01,3,3,1.61,1.61,Performance Improvement Plan
NL-252,7,2024-11-01,7,3,3.34,1.43,Performance Improvement Plan
NL-252,7,2025-01-01,7,3,0.86,0.37,Critical Underperformance
NLI-036,17,2024-03-01,3,2,2.72,1.81,Performance Improvement Plan
NLI-036,17,2024-04-01,7,4,0.5,0.29,Critical Underperformance
NLI-036,17,2024-05-01,7,7,0.82,0.82,Critical Underperformance
NLI-036,17,2024-07-01,9,2,3.12,0.69,Critical Underperformance
NLI-036,17,2024-08-01,6,4,2.95,1.97,Performance Improvement Plan
NLI-036,17,2024-10-01,5,2,3.12,1.25,Performance Improvement Plan
NLI-036,17,2024-11-01,8,4,3.57,1.78,Performance Improvement Plan
NLI-036,17,2025-01-01,4,4,1.77,1.77,Performance Improvement Plan
NL-253,1,2024-03-01,9,6,3.32,2.21,Needs Closer Monitoring
NL-253,1,2024-04-01,9,7,0.0,0.0,Critical Underperformance
NL-253,1,2024-05-01,5,5,4.02,4.02,Outstanding Contributor
NL-253,1,2024-07-01,8,6,0.8,0.6,Critical Underperformance
NL-253,1,2024-08-01,10,8,0.5,0.4,Critical Underperformance
NL-253,1,2024-10-01,6,6,0.95,0.95,Critical Underperformance
NL-253,1,2024-11-01,3,3,0.59,0.59,Critical Underperformance
NL-253,1,2025-01-01,5,3,3.96,2.38,Needs Closer Monitoring
NL-254,30,2024-03-01,9,6,2.93,1.95,Performance Improvement Plan
NL-254,30,2024-04-01,5,3,3.59,2.15,Needs Closer Monitoring
NL-254,30,2024-05-01,7,3,0.05,0.02,Critical Underperformance
NL-254,30,2024-07-01,10,2,1.38,0.28,Critical Underperformance
NL-254,30,2024-08-01,8,7,2.23,1.95,Performance Improvement Plan
NL-254,30,2024-10-01,9,9,4.06,4.06,Outstanding Contributor
NL-254,30,2024-11-01,8,3,2.45,0.92,Critical Underperformance
NL-254,30,2025-01-01,6,4,2.28,1.52,Performance Improvement Plan
NL-256,17,2024-03-01,7,2,2.62,0.75,Critical Underperformance
NL-256,17,2024-04-01,5,3,3.1,1.86,Performance Improvement Plan
NL-256,17,2024-05-01,9,8,2.75,2.44,Needs Closer Monitoring
NL-256,17,2024-07-01,4,3,0.56,0.42,Critical Underperformance
NL-256,17,2024-08-01,6,4,2.02,1.35,Performance Improvement Plan
NL-256,17,2024-10-01,3,2,3.46,2.31,Needs Closer Monitoring
NL-256,17,2024-11-01,6,3,4.18,2.09,Needs Closer Monitoring
NL-256,17,2025-01-01,7,5,2.67,1.91,Performance Improvement Plan
NL-259,15,2024-03-01,3,2,0.8,0.53,Critical Underperformance
NL-259,15,2024-04-01,5,3,2.35,1.41,Performance Improvement Plan
NL-259,15,2024-05-01,10,5,0.6,0.3,Critical Underperformance
NL-259,15,2024-07-01,6,5,4.27,3.56,Consistently Effective
NL-259,15,2024-08-01,4,4,1.9,1.9,Performance Improvement Plan
NL-259,15,2024-10-01,10,2,4.61,0.92,Critical Underperformance
NL-259,15,2024-11-01,9,9,3.46,3.46,Consistently Effective
NL-259,15,2025-01-01,4,3,4.79,3.59,Consistently Effective
NL-262,14,2024-03-01,9,5,0.02,0.01,Critical Underperformance
NL-262,14,2024-04-01,8,7,1.8,1.57,Performance Improvement Plan
NL-262,14,2024-05-01,3,2,2.72,1.81,Performance Improvement Plan
NL-262,14,2024-07-01,10,7,0.48,0.34,Critical Underperformance
NL-262,14,2024-08-01,10,10,1.6,1.6,Performance Improvement Plan
NL-262,14,2024-10-01,7,2,3.65,1.04,Performance Improvement Plan
NL-262,14,2024-11-01,5,2,2.58,1.03,Performance Improvement Plan
NL-262,14,2025-01-01,4,2,1.1,0.55,Critical Underperformance
NL-263,10,2024-03-01,10,2,1.75,0.35,Critical Underperformance
NL-263,10,2024-04-01,8,6,3.59,2.69,Needs Closer Monitoring
NL-263,10,2024-05-01,4,3,0.92,0.69,Critical Underperformance
NL-263,10,2024-07-01,3,2,0.78,0.52,Critical Underperformance
NL-263,10,2024-08-01,7,3,1.09,0.47,Critical Underperformance
NL-263,10,2024-10-01,6,2,0.87,0.29,Critical Underperformance
NL-263,10,2024-11-01,5,4,0.32,0.26,Critical Underperformance
NL-263,10,2025-01-01,3,3,4.86,4.86,Outstanding Contributor
NL-266,13,2024-03-01,8,3,3.86,1.45,Performance Improvement Plan
NL-266,13,2024-04-01,5,5,1.54,1.54,Performance Improvement Plan
NL-266,13,2024-05-01,9,3,3.0,1.0,Performance Improvement Plan
NL-266,13,2024-07-01,4,4,0.11,0.11,Critical Underperformance
NL-266,13,2024-08-01,6,6,3.56,3.56,Consistently Effective
NL-266,13,2024-10-01,9,4,2.33,1.04,Performance Improvement Plan
NL-266,13,2024-11-01,8,5,2.32,1.45,Performance Improvement Plan
NL-266,13,2025-01-01,7,2,0.6,0.17,Critical Underperformance
NL-268,3,2024-03-01,7,7,3.54,3.54,Consistently Effective
NL-268,3,2024-04-01,8,7,1.57,1.37,Performance Improvement Plan
NL-268,3,2024-05-01,5,3,3.26,1.96,Performance Improvement Plan
NL-268,3,2024-07-01,8,8,2.82,2.82,Needs Closer Monitoring
NL-268,3,2024-08-01,9,6,4.88,3.25,Consistently Effective
NL-268,3,2024-10-01,4,3,1.22,0.92,Critical Underperformance
NL-268,3,2024-11-01,5,2,0.0,0.0,Critical Underperformance
NL-268,3,2025-01-01,9,9,2.6,2.6,Needs Closer Monitoring
NL-273,17,2024-03-01,4,3,1.62,1.22,Performance Improvement Plan
NL-273,17,2024-04-01,4,3,0.26,0.2,Critical Underperformance
NL-273,17,2024-05-01,10,3,4.01,1.2,Performance Improvement Plan
NL-273,17,2024-07-01,10,10,4.68,4.68,Outstanding Contributor
NL-273,17,2024-08-01,7,2,3.69,1.05,Performance Improvement Plan
NL-273,17,2024-10-01,10,4,4.91,1.96,Performance Improvement Plan
NL-273,17,2024-11-01,10,4,1.51,0.6,Critical Underperformance
NL-273,17,2025-01-01,5,3,3.93,2.36,Needs Closer Monitoring
NL-276,8,2024-03-01,3,2,3.57,2.38,Needs Closer Monitoring
NL-276,8,2024-04-01,4,3,2.6,1.95,Performance Improvement Plan
NL-276,8,2024-05-01,5,4,4.9,3.92,Consistently Effective
NL-276,8,2024-07-01,5,3,2.79,1.67,Performance Improvement Plan
NL-276,8,2024-08-01,5,2,2.17,0.87,Critical Underperformance
NL-276,8,2024-10-01,5,5,2.71,2.71,Needs Closer Monitoring
NL-276,8,2024-11-01,9,6,2.85,1.9,Performance Improvement Plan
NL-276,8,2025-01-01,7,7,1.21,1.21,Performance Improvement Plan
NL-277,25,2024-03-01,4,3,4.9,3.68,Consistently Effective
NL-277,25,2024-04-01,7,6,3.97,3.4,Consistently Effective
NL-277,25,2024-05-01,5,5,4.85,4.85,Outstanding Contributor
NL-277,25,2024-07-01,4,4,2.4,2.4,Needs Closer Monitoring
NL-277,25,2024-08-01,7,5,0.89,0.64,Critical Underperformance
NL-277,25,2024-10-01,3,2,1.51,1.01,Performance Improvement Plan
NL-277,25,2024-11-01,7,2,1.09,0.31,Critical Underperformance
NL-277,25,2025-01-01,7,4,0.76,0.43,Critical Underperformance
NL-281,23,2024-03-01,3,3,3.3,3.3,Consistently Effective
NL-281,23,2024-04-01,6,2,0.29,0.1,Critical Underperformance
NL-281,23,2024-05-01,9,8,1.44,1.28,Performance Improvement Plan
NL-281,23,2024-07-01,9,8,1.82,1.62,Performance Improvement Plan
NL-281,23,2024-08-01,8,4,0.45,0.23,Critical Underperformance
NL-281,23,2024-10-01,6,6,0.92,0.92,Critical Underperformance
NL-281,23,2024-11-01,7,4,3.27,1.87,Performance Improvement Plan
NL-281,23,2025-01-01,3,2,1.04,0.69,Critical Underperformance
NL-285,9,2024-03-01,5,3,0.03,0.02,Critical Underperformance
NL-285,9,2024-04-01,4,3,0.98,0.73,Critical Underperformance
NL-285,9,2024-05-01,7,5,3.29,2.35,Needs Closer Monitoring
NL-285,9,2024-07-01,10,4,4.6,1.84,Performance Improvement Plan
NL-285,9,2024-08-01,3,2,3.51,2.34,Needs Closer Monitoring
NL-285,9,2024-10-01,3,3,3.37,3.37,Consistently Effective
NL-285,9,2024-11-01,3,3,2.45,2.45,Needs Closer Monitoring
NL-285,9,2025-01-01,8,2,3.64,0.91,Critical Underperformance
NL-288,6,2024-03-01,5,5,1.72,1.72,Performance Improvement Plan
NL-288,6,2024-04-01,7,5,1.61,1.15,Performance Improvement Plan
NL-288,6,2024-05-01,7,3,1.4,0.6,Critical Underperformance
NL-288,6,2024-07-01,4,3,4.41,3.31,Consistently Effective
NL-288,6,2024-08-01,3,3,3.92,3.92,Consistently Effective
NL-288,6,2024-10-01,9,7,3.41,2.65,Needs Closer Monitoring
NL-288,6,2024-11-01,7,4,4.77,2.73,Needs Closer Monitoring
NL-288,6,2025-01-01,10,10,4.01,4.01,Outstanding Contributor
NL-289,2,2024-03-01,9,9,1.42,1.42,Performance Improvement Plan
NL-289,2,2024-04-01,6,4,3.07,2.05,Needs Closer Monitoring
NL-289,2,2024-05-01,8,7,3.76,3.29,Consistently Effective
NL-289,2,2024-07-01,5,4,4.82,3.86,Consistently Effective
NL-289,2,2024-08-01,3,2,4.68,3.12,Consistently Effective
NL-289,2,2024-10-01,7,2,1.06,0.3,Critical Underperformance
NL-289,2,2024-11-01,3,3,0.25,0.25,Critical Underperformance
NL-289,2,2025-01-01,4,4,0.82,0.82,Critical Underperformance
NL-292,25,2024-03-01,9,7,4.25,3.31,Consistently Effective
NL-292,25,2024-04-01,9,3,0.61,0.2,Critical Underperformance
NL-292,25,2024-05-01,9,7,1.83,1.42,Performance Improvement Plan
NL-292,25,2024-07-01,8,8,1.49,1.49,Performance Improvement Plan
NL-292,25,2024-08-01,9,8,0.0,0.0,Critical Underperformance
NL-292,25,2024-10-01,6,2,2.23,0.74,Critical Underperformance
NL-292,25,2024-11-01,7,7,0.66,0.66,Critical Underperformance
NL-292,25,2025-01-01,6,6,4.82,4.82,Outstanding Contributor
NL-294,28,2024-03-01,3,2,3.13,2.09,Needs Closer Monitoring
NL-294,28,2024-04-01,4,3,4.38,3.29,Consistently Effective
NL-294,28,2024-05-01,3,3,1.4,1.4,Performance Improvement Plan
NL-294,28,2024-07-01,6,4,0.78,0.52,Critical Underperformance
NL-294,28,2024-08-01,5,5,3.34,3.34,Consistently Effective
NL-294,28,2024-10-01,8,5,3.51,2.19,Needs Closer Monitoring
NL-294,28,2024-11-01,7,5,2.33,1.66,Performance Improvement Plan
NL-294,28,2025-01-01,4,4,4.97,4.97,Outstanding Contributor
NL-295,28,2024-03-01,10,3,3.34,1.0,Performance Improvement Plan
NL-295,28,2024-04-01,8,5,0.75,0.47,Critical Underperformance
NL-295,28,2024-05-01,3,2,4.37,2.91,Needs Closer Monitoring
NL-295,28,2024-07-01,4,3,4.84,3.63,Consistently Effective
NL-295,28,2024-08-01,6,4,2.66,1.77,Performance Improvement Plan
NL-295,28,2024-10-01,9,3,0.93,0.31,Critical Underperformance
NL-295,28,2024-11-01,6,2,3.25,1.08,Performance Improvement Plan
NL-295,28,2025-01-01,4,3,1.13,0.85,Critical Underperformance
NLI-041,30,2024-03-01,3,2,1.63,1.09,Performance Improvement Plan
NLI-041,30,2024-04-01,10,6,3.16,1.9,Performance Improvement Plan
NLI-041,30,2024-05-01,10,10,4.96,4.96,Outstanding Contributor
NLI-041,30,2024-07-01,8,8,4.96,4.96,Outstanding Contributor
NLI-041,30,2024-08-01,3,2,4.54,3.03,Consistently Effective
NLI-041,30,2024-10-01,8,5,3.82,2.39,Needs Closer Monitoring
NLI-041,30,2024-11-01,4,2,3.64,1.82,Performance Improvement Plan
NLI-041,30,2025-01-01,10,2,2.93,0.59,Critical Underperformance
NL-303,9,2024-03-01,9,6,1.19,0.79,Critical Underperformance
NL-303,9,2024-04-01,8,4,2.31,1.16,Performance Improvement Plan
NL-303,9,2024-05-01,7,7,3.04,3.04,Consistently Effective
NL-303,9,2024-07-01,7,7,4.69,4.69,Outstanding Contributor
NL-303,9,2024-08-01,4,4,0.97,0.97,Critical Underperformance
NL-303,9,2024-10-01,8,7,2.63,2.3,Needs Closer Monitoring
NL-303,9,2024-11-01,10,10,4.42,4.42,Outstanding Contributor
NL-303,9,2025-01-01,8,5,0.78,0.49,Critical Underperformance
NL-304,2,2024-03-01,6,6,4.04,4.04,Outstanding Contributor
NL-304,2,2024-04-01,8,6,0.78,0.58,Critical Underperformance
NL-304,2,2024-05-01,4,2,2.21,1.1,Performance Improvement Plan
NL-304,2,2024-07-01,6,2,0.47,0.16,Critical Underperformance
NL-304,2,2024-08-01,8,2,0.25,0.06,Critical Underperformance
NL-304,2,2024-10-01,6,6,4.64,4.64,Outstanding Contributor
NL-304,2,2024-11-01,5,4,4.51,3.61,Consistently Effective
NL-304,2,2025-01-01,9,5,3.58,1.99,Performance Improvement Plan
NL-307,7,2024-03-01,9,9,2.68,2.68,Needs Closer Monitoring
NL-307,7,2024-04-01,10,5,4.09,2.04,Needs Closer Monitoring
NL-307,7,2024-05-01,10,2,3.64,0.73,Critical Underperformance
NL-307,7,2024-07-01,6,5,2.19,1.82,Performance Improvement Plan
NL-307,7,2024-08-01,7,5,2.14,1.53,Performance Improvement Plan
NL-307,7,2024-10-01,9,2,3.0,0.67,Critical Underperformance
NL-307,7,2024-11-01,7,7,0.62,0.62,Critical Underperformance
NL-307,7,2025-01-01,4,4,3.6,3.6,Consistently Effective
NL-309,22,2024-03-01,4,2,4.76,2.38,Needs Closer Monitoring
NL-309,22,2024-04-01,3,2,4.59,3.06,Consistently Effective
NL-309,22,2024-05-01,7,4,4.92,2.81,Needs Closer Monitoring
NL-309,22,2024-07-01,3,3,3.7,3.7,Consistently Effective
NL-309,22,2024-08-01,9,2,0.31,0.07,Critical Underperformance
NL-309,22,2024-10-01,7,6,2.46,2.11,Needs Closer Monitoring
NL-309,22,2024-11-01,6,4,2.09,1.39,Performance Improvement Plan
NL-309,22,2025-01-01,3,3,1.23,1.23,Performance Improvement Plan
NLI-044,12,2024-03-01,7,4,3.39,1.94,Performance Improvement Plan
NLI-044,12,2024-04-01,10,6,3.38,2.03,Needs Closer Monitoring
NLI-044,12,2024-05-01,10,10,2.55,2.55,Needs Closer Monitoring
NLI-044,12,2024-07-01,6,5,4.46,3.72,Consistently Effective
NLI-044,12,2024-08-01,7,5,0.75,0.54,Critical Underperformance
NLI-044,12,2024-10-01,4,4,3.12,3.12,Consistently Effective
NLI-044,12,2024-11-01,8,2,3.58,0.9,Critical Underperformance
NLI-044,12,2025-01-01,5,5,3.58,3.58,Consistently Effective
NLI-045,5,2024-03-01,6,2,4.93,1.64,Performance Improvement Plan
NLI-045,5,2024-04-01,10,10,0.44,0.44,Critical Underperformance
NLI-045,5,2024-05-01,5,2,1.19,0.48,Critical Underperformance
NLI-045,5,2024-07-01,8,8,2.28,2.28,Needs Closer Monitoring
NLI-045,5,2024-08-01,5,2,1.42,0.57,Critical Underperformance
NLI-045,5,2024-10-01,6,3,3.22,1.61,Performance Improvement Plan
NLI-045,5,2024-11-01,8,3,2.82,1.06,Performance Improvement Plan
NLI-045,5,2025-01-01,3,2,2.83,1.89,Performance Improvement Plan
NL-315,22,2024-03-01,6,4,4.72,3.15,Consistently Effective
NL-315,22,2024-04-01,8,5,4.96,3.1,Consistently Effective
NL-315,22,2024-05-01,7,4,1.59,0.91,Critical Underperformance
NL-315,22,2024-07-01,4,3,1.94,1.46,Performance Improvement Plan
NL-315,22,2024-08-01,3,3,2.28,2.28,Needs Closer Monitoring
NL-315,22,2024-10-01,7,7,4.5,4.5,Outstanding Contributor
NL-315,22,2024-11-01,3,3,1.34,1.34,Performance Improvement Plan
NL-315,22,2025-01-01,3,2,3.8,2.53,Needs Closer Monitoring
NL-324,15,2024-03-01,8,8,1.16,1.16,Performance Improvement Plan
NL-324,15,2024-04-01,7,5,1.86,1.33,Performance Improvement Plan
NL-324,15,2024-05-01,9,2,2.85,0.63,Critical Underperformance
NL-324,15,2024-07-01,5,2,0.25,0.1,Critical Underperformance
NL-324,15,2024-08-01,3,2,1.99,1.33,Performance Improvement Plan
NL-324,15,2024-10-01,3,2,4.15,2.77,Needs Closer Monitoring
NL-324,15,2024-11-01,9,4,4.08,1.81,Performance Improvement Plan
NL-324,15,2025-01-01,9,3,0.73,0.24,Critical Underperformance
NL-326,17,2024-03-01,10,2,3.96,0.79,Critical Underperformance
NL-326,17,2024-04-01,10,2,2.87,0.57,Critical Underperformance
NL-326,17,2024-05-01,5,5,3.0,3.0,Consistently Effective
NL-326,17,2024-07-01,8,3,2.14,0.8,Critical Underperformance
NL-326,17,2024-08-01,9,6,2.44,1.63,Performance Improvement Plan
NL-326,17,2024-10-01,9,4,3.31,1.47,Performance Improvement Plan
NL-326,17,2024-11-01,7,3,0.21,0.09,Critical Underperformance
NL-326,17,2025-01-01,4,4,2.66,2.66,Needs Closer Monitoring
NL-331,18,2024-03-01,3,2,4.82,3.21,Consistently Effective
NL-331,18,2024-04-01,5,4,0.18,0.14,Critical Underperformance
NL-331,18,2024-05-01,3,3,4.52,4.52,Outstanding Contributor
NL-331,18,2024-07-01,5,5,0.1,0.1,Critical Underperformance
NL-331,18,2024-08-01,9,4,1.64,0.73,Critical Underperformance
NL-331,18,2024-10-01,10,10,1.41,1.41,Performance Improvement Plan
NL-331,18,2024-11-01,10,4,0.77,0.31,Critical Underperformance
NL-331,18,2025-01-01,6,3,2.97,1.49,Performance Improvement Plan
NL-335,16,2024-03-01,7,6,0.41,0.35,Critical Underperformance
NL-335,16,2024-04-01,9,3,3.19,1.06,Performance Improvement Plan
NL-335,16,2024-05-01,3,3,4.18,4.18,Outstanding Contributor
NL-335,16,2024-07-01,9,8,0.19,0.17,Critical Underperformance
NL-335,16,2024-08-01,5,5,0.59,0.59,Critical Underperformance
NL-335,16,2024-10-01,4,3,2.33,1.75,Performance Improvement Plan
NL-335,16,2024-11-01,9,7,4.33,3.37,Consistently Effective
NL-335,16,2025-01-01,9,7,0.76,0.59,Critical Underperformance
NLI-050,16,2024-03-01,7,7,2.7,2.7,Needs Closer Monitoring
NLI-050,16,2024-04-01,8,5,0.19,0.12,Critical Underperformance
NLI-050,16,2024-05-01,10,7,0.33,0.23,Critical Underperformance
NLI-050,16,2024-07-01,6,4,4.61,3.07,Consistently Effective
NLI-050,16,2024-08-01,3,3,2.8,2.8,Needs Closer Monitoring
NLI-050,16,2024-10-01,4,2,3.66,1.83,Performance Improvement Plan
NLI-050,16,2024-11-01,9,8,2.35,2.09,Needs Closer Monitoring
NLI-050,16,2025-01-01,8,8,3.48,3.48,Consistently Effective
NL-338,6,2024-03-01,5,5,0.65,0.65,Critical Underperformance
NL-338,6,2024-04-01,9,8,1.54,1.37,Performance Improvement Plan
NL-338,6,2024-05-01,10,2,1.54,0.31,Critical Underperformance
NL-338,6,2024-07-01,7,6,0.49,0.42,Critical Underperformance
NL-338,6,2024-08-01,5,4,0.9,0.72,Critical Underperformance
NL-338,6,2024-10-01,6,5,3.15,2.62,Needs Closer Monitoring
NL-338,6,2024-11-01,6,2,0.44,0.15,Critical Underperformance
NL-338,6,2025-01-01,4,2,0.29,0.14,Critical Underperformance
NLI-052,21,2024-03-01,10,9,3.16,2.84,Needs Closer Monitoring
NLI-052,21,2024-04-01,8,3,3.1,1.16,Performance Improvement Plan
NLI-052,21,2024-05-01,4,3,1.02,0.77,Critical Underperformance
NLI-052,21,2024-07-01,7,6,0.17,0.15,Critical Underperformance
NLI-052,21,2024-08-01,9,3,2.46,0.82,Critical Underperformance
NLI-052,21,2024-10-01,3,3,3.4,3.4,Consistently Effective
NLI-052,21,2024-11-01,5,4,2.06,1.65,Performance Improvement Plan
NLI-052,21,2025-01-01,10,2,2.52,0.5,Critical Underperformance
NL-340,7,2024-03-01,8,6,3.68,2.76,Needs Closer Monitoring
NL-340,7,2024-04-01,5,2,1.62,0.65,Critical Underperformance
NL-340,7,2024-05-01,10,9,3.01,2.71,Needs Closer Monitoring
NL-340,7,2024-07-01,5,5,0.06,0.06,Critical Underperformance
NL-340,7,2024-08-01,6,2,2.67,0.89,Critical Underperformance
NL-340,7,2024-10-01,5,5,4.57,4.57,Outstanding Contributor
NL-340,7,2024-11-01,5,3,2.3,1.38,Performance Improvement Plan
NL-340,7,2025-01-01,6,4,4.65,3.1,Consistently Effective
NL-344,14,2024-03-01,8,6,4.71,3.53,Consistently Effective
NL-344,14,2024-04-01,3,3,1.48,1.48,Performance Improvement Plan
NL-344,14,2024-05-01,10,4,4.79,1.92,Performance Improvement Plan
NL-344,14,2024-07-01,8,3,0.42,0.16,Critical Underperformance
NL-344,14,2024-08-01,3,2,4.1,2.73,Needs Closer Monitoring
NL-344,14,2024-10-01,6,6,3.33,3.33,Consistently Effective
NL-344,14,2024-11-01,4,3,2.34,1.75,Performance Improvement Plan
NL-344,14,2025-01-01,3,3,2.55,2.55,Needs Closer Monitoring
NL-345,11,2024-03-01,8,4,2.66,1.33,Performance Improvement Plan
NL-345,11,2024-04-01,7,5,1.93,1.38,Performance Improvement Plan
NL-345,11,2024-05-01,6,6,3.36,3.36,Consistently Effective
NL-345,11,2024-07-01,8,4,4.94,2.47,Needs Closer Monitoring
NL-345,11,2024-08-01,3,3,2.51,2.51,Needs Closer Monitoring
NL-345,11,2024-10-01,8,4,0.49,0.24,Critical Underperformance
NL-345,11,2024-11-01,8,8,4.19,4.19,Outstanding Contributor
NL-345,11,2025-01-01,4,4,2.43,2.43,Needs Closer Monitoring
NL-348,14,2024-03-01,5,3,0.67,0.4,Critical Underperformance
NL-348,14,2024-04-01,5,5,0.72,0.72,Critical Underperformance
NL-348,14,2024-05-01,5,5,3.4,3.4,Consistently Effective
NL-348,14,2024-07-01,9,5,0.84,0.47,Critical Underperformance
NL-348,14,2024-08-01,10,7,2.57,1.8,Performance Improvement Plan
NL-348,14,2024-10-01,3,2,3.19,2.13,Needs Closer Monitoring
NL-348,14,2024-11-01,9,9,4.88,4.88,Outstanding Contributor
NL-348,14,2025-01-01,4,3,3.59,2.69,Needs Closer Monitoring
NL-351,20,2024-03-01,10,2,3.87,0.77,Critical Underperformance
NL-351,20,2024-04-01,10,3,3.43,1.03,Performance Improvement Plan
NL-351,20,2024-05-01,7,2,2.17,0.62,Critical Underperformance
NL-351,20,2024-07-01,5,5,0.93,0.93,Critical Underperformance
NL-351,20,2024-08-01,3,3,1.85,1.85,Performance Improvement Plan
NL-351,20,2024-10-01,5,4,3.72,2.98,Needs Closer Monitoring
NL-351,20,2024-11-01,6,3,0.28,0.14,Critical Underperformance
NL-351,20,2025-01-01,6,2,4.13,1.38,Performance Improvement Plan
NLI-053,13,2024-03-01,4,3,4.7,3.53,Consistently Effective
NLI-053,13,2024-04-01,5,4,4.78,3.82,Consistently Effective
NLI-053,13,2024-05-01,8,3,2.08,0.78,Critical Underperformance
NLI-053,13,2024-07-01,10,2,1.58,0.32,Critical Underperformance
NLI-053,13,2024-08-01,9,5,0.3,0.17,Critical Underperformance
NLI-053,13,2024-10-01,3,3,3.34,3.34,Consistently Effective
NLI-053,13,2024-11-01,10,5,0.73,0.36,Critical Underperformance
NLI-053,13,2025-01-01,10,3,3.04,0.91,Critical Underperformance
NL-358,10,2024-03-01,5,3,3.21,1.93,Performance Improvement Plan
NL-358,10,2024-04-01,10,7,2.34,1.64,Performance Improvement Plan
NL-358,10,2024-05-01,10,6,0.32,0.19,Critical Underperformance
NL-358,10,2024-07-01,9,4,4.83,2.15,Needs Closer Monitoring
NL-358,10,2024-08-01,10,6,4.29,2.57,Needs Closer Monitoring
NL-358,10,2024-10-01,5,4,3.06,2.45,Needs Closer Monitoring
NL-358,10,2024-11-01,8,6,2.85,2.14,Needs Closer Monitoring
NL-358,10,2025-01-01,3,2,3.28,2.19,Needs Closer Monitoring
NL-360,29,2024-03-01,4,3,1.9,1.42,Performance Improvement Plan
NL-360,29,2024-04-01,7,6,3.39,2.91,Needs Closer Monitoring
NL-360,29,2024-05-01,4,3,2.48,1.86,Performance Improvement Plan
NL-360,29,2024-07-01,9,6,2.41,1.61,Performance Improvement Plan
NL-360,29,2024-08-01,10,3,4.7,1.41,Performance Improvement Plan
NL-360,29,2024-10-01,5,2,2.31,0.92,Critical Underperformance
NL-360,29,2024-11-01,5,4,4.14,3.31,Consistently Effective
NL-360,29,2025-01-01,6,3,0.62,0.31,Critical Underperformance
NL-363,2,2024-03-01,10,3,1.63,0.49,Critical Underperformance
NL-363,2,2024-04-01,9,3,0.05,0.02,Critical Underperformance
NL-363,2,2024-05-01,7,5,0.74,0.53,Critical Underperformance
NL-363,2,2024-07-01,3,3,0.83,0.83,Critical Underperformance
NL-363,2,2024-08-01,5,2,0.05,0.02,Critical Underperformance
NL-363,2,2024-10-01,5,2,2.14,0.86,Critical Underperformance
NL-363,2,2024-11-01,3,2,0.48,0.32,Critical Underperformance
NL-363,2,2025-01-01,3,2,3.14,2.09,Needs Closer Monitoring
NL-365,24,2024-03-01,10,8,0.21,0.17,Critical Underperformance
NL-365,24,2024-04-01,8,4,0.12,0.06,Critical Underperformance
NL-365,24,2024-05-01,3,2,1.61,1.07,Performance Improvement Plan
NL-365,24,2024-07-01,6,2,2.47,0.82,Critical Underperformance
NL-365,24,2024-08-01,3,2,3.58,2.39,Needs Closer Monitoring
NL-365,24,2024-10-01,4,2,4.05,2.02,Needs Closer Monitoring
NL-365,24,2024-11-01,5,2,4.11,1.64,Performance Improvement Plan
NL-365,24,2025-01-01,3,3,1.95,1.95,Performance Improvement Plan
NL-368,23,2024-03-01,10,4,2.26,0.9,Critical Underperformance
NL-368,23,2024-04-01,5,2,2.99,1.2,Performance Improvement Plan
NL-368,23,2024-05-01,7,3,3.68,1.58,Performance Improvement Plan
NL-368,23,2024-07-01,8,6,3.43,2.57,Needs Closer Monitoring
NL-368,23,2024-08-01,9,9,3.92,3.92,Consistently Effective
NL-368,23,2024-10-01,4,2,0.11,0.06,Critical Underperformance
NL-368,23,2024-11-01,5,5,4.32,4.32,Outstanding Contributor
NL-368,23,2025-01-01,5,2,1.89,0.76,Critical Underperformance
NL-371,24,2024-03-01,7,3,1.45,0.62,Critical Underperformance
NL-371,24,2024-04-01,8,4,2.06,1.03,Performance Improvement Plan
NL-371,24,2024-05-01,7,3,4.06,1.74,Performance Improvement Plan
NL-371,24,2024-07-01,9,4,2.45,1.09,Performance Improvement Plan
NL-371,24,2024-08-01,9,3,3.92,1.31,Performance Improvement Plan
NL-371,24,2024-10-01,8,4,0.84,0.42,Critical Underperformance
NL-371,24,2024-11-01,9,3,4.25,1.42,Performance Improvement Plan
NL-371,24,2025-01-01,8,7,2.13,1.86,Performance Improvement Plan
NL-372,10,2024-03-01,3,2,2.12,1.41,Performance Improvement Plan
NL-372,10,2024-04-01,5,2,0.24,0.1,Critical Underperformance
NL-372,10,2024-05-01,7,7,1.36,1.36,Performance Improvement Plan
NL-372,10,2024-07-01,5,3,2.68,1.61,Performance Improvement Plan
NL-372,10,2024-08-01,3,2,0.03,0.02,Critical Underperformance
NL-372,10,2024-10-01,3,2,0.51,0.34,Critical Underperformance
NL-372,10,2024-11-01,7,4,1.05,0.6,Critical Underperformance
NL-372,10,2025-01-01,4,2,0.25,0.12,Critical Underperformance
NL-374,4,2024-03-01,4,3,0.43,0.32,Critical Underperformance
NL-374,4,2024-04-01,3,3,4.19,4.19,Outstanding Contributor
NL-374,4,2024-05-01,9,6,2.67,1.78,Performance Improvement Plan
NL-374,4,2024-07-01,8,5,1.01,0.63,Critical Underperformance
NL-374,4,2024-08-01,3,3,2.49,2.49,Needs Closer Monitoring
NL-374,4,2024-10-01,4,4,1.99,1.99,Performance Improvement Plan
NL-374,4,2024-11-01,6,4,4.16,2.77,Needs Closer Monitoring
NL-374,4,2025-01-01,3,3,4.23,4.23,Outstanding Contributor
NL-375,10,2024-03-01,5,3,0.62,0.37,Critical Underperformance
NL-375,10,2024-04-01,10,2,3.57,0.71,Critical Underperformance
NL-375,10,2024-05-01,8,3,3.38,1.27,Performance Improvement Plan
NL-375,10,2024-07-01,10,2,2.63,0.53,Critical Underperformance
NL-375,10,2024-08-01,6,2,3.46,1.15,Performance Improvement Plan
NL-375,10,2024-10-01,10,9,4.06,3.65,Consistently Effective
NL-375,10,2024-11-01,4,2,4.46,2.23,Needs Closer Monitoring
NL-375,10,2025-01-01,7,5,4.45,3.18,Consistently Effective
NL-378,6,2024-03-01,6,3,0.35,0.17,Critical Underperformance
NL-378,6,2024-04-01,3,2,1.6,1.07,Performance Improvement Plan
NL-378,6,2024-05-01,4,3,2.83,2.12,Needs Closer Monitoring
NL-378,6,2024-07-01,10,10,3.37,3.37,Consistently Effective
NL-378,6,2024-08-01,3,3,0.14,0.14,Critical Underperformance
NL-378,6,2024-10-01,4,2,3.7,1.85,Performance Improvement Plan
NL-378,6,2024-11-01,8,8,4.65,4.65,Outstanding Contributor
NL-378,6,2025-01-01,10,9,4.43,3.99,Consistently Effective
NL-381,18,2024-03-01,8,2,3.73,0.93,Critical Underperformance
NL-381,18,2024-04-01,4,3,4.25,3.19,Consistently Effective
NL-381,18,2024-05-01,6,5,0.61,0.51,Critical Underperformance
NL-381,18,2024-07-01,10,10,3.43,3.43,Consistently Effective
NL-381,18,2024-08-01,4,2,3.83,1.92,Performance Improvement Plan
NL-381,18,2024-10-01,10,10,2.29,2.29,Needs Closer Monitoring
NL-381,18,2024-11-01,7,3,3.84,1.65,Performance Improvement Plan
NL-381,18,2025-01-01,5,4,2.03,1.62,Performance Improvement Plan
NL-382,27,2024-03-01,10,4,2.58,1.03,Performance Improvement Plan
NL-382,27,2024-04-01,5,4,3.19,2.55,Needs Closer Monitoring
NL-382,27,2024-05-01,8,7,1.5,1.31,Performance Improvement Plan
NL-382,27,2024-07-01,9,5,0.8,0.44,Critical Underperformance
NL-382,27,2024-08-01,10,10,2.46,2.46,Needs Closer Monitoring
NL-382,27,2024-10-01,10,4,0.9,0.36,Critical Underperformance
NL-382,27,2024-11-01,3,2,1.79,1.19,Performance Improvement Plan
NL-382,27,2025-01-01,10,3,3.23,0.97,Critical Underperformance
NL-385,11,2024-03-01,10,8,2.21,1.77,Performance Improvement Plan
NL-385,11,2024-04-01,5,2,1.01,0.4,Critical Underperformance
NL-385,11,2024-05-01,10,2,2.11,0.42,Critical Underperformance
NL-385,11,2024-07-01,8,4,0.73,0.36,Critical Underperformance
NL-385,11,2024-08-01,5,3,0.9,0.54,Critical Underperformance
NL-385,11,2024-10-01,7,4,1.22,0.7,Critical Underperformance
NL-385,11,2024-11-01,4,4,1.25,1.25,Performance Improvement Plan
NL-385,11,2025-01-01,3,2,4.43,2.95,Needs Closer Monitoring
NL-386,12,2024-03-01,5,5,0.58,0.58,Critical Underperformance
NL-386,12,2024-04-01,6,4,4.09,2.73,Needs Closer Monitoring
NL-386,12,2024-05-01,4,3,2.34,1.75,Performance Improvement Plan
NL-386,12,2024-07-01,10,8,2.93,2.34,Needs Closer Monitoring
NL-386,12,2024-08-01,3,2,2.1,1.4,Performance Improvement Plan
NL-386,12,2024-10-01,9,4,4.4,1.96,Performance Improvement Plan
NL-386,12,2024-11-01,5,5,0.48,0.48,Critical Underperformance
NL-386,12,2025-01-01,9,5,0.82,0.46,Critical Underperformance
NL-388,8,2024-03-01,6,6,1.16,1.16,Performance Improvement Plan
NL-388,8,2024-04-01,10,2,4.4,0.88,Critical Underperformance
NL-388,8,2024-05-01,6,2,3.01,1.0,Performance Improvement Plan
NL-388,8,2024-07-01,5,2,0.44,0.18,Critical Underperformance
NL-388,8,2024-08-01,6,2,2.92,0.97,Critical Underperformance
NL-388,8,2024-10-01,10,3,0.89,0.27,Critical Underperformance
NL-388,8,2024-11-01,4,4,2.17,2.17,Needs Closer Monitoring
NL-388,8,2025-01-01,10,4,3.02,1.21,Performance Improvement Plan
NLI-058,13,2024-03-01,3,2,3.68,2.45,Needs Closer Monitoring
NLI-058,13,2024-04-01,6,2,3.47,1.16,Performance Improvement Plan
NLI-058,13,2024-05-01,6,3,2.44,1.22,Performance Improvement Plan
NLI-058,13,2024-07-01,8,4,3.71,1.85,Performance Improvement Plan
NLI-058,13,2024-08-01,9,2,3.89,0.86,Critical Underperformance
NLI-058,13,2024-10-01,7,6,2.17,1.86,Performance Improvement Plan
NLI-058,13,2024-11-01,3,3,0.49,0.49,Critical Underperformance
NLI-058,13,2025-01-01,10,8,2.43,1.94,Performance Improvement Plan
NL-390,6,2024-03-01,3,2,4.52,3.01,Consistently Effective
NL-390,6,2024-04-01,6,2,3.5,1.17,Performance Improvement Plan
NL-390,6,2024-05-01,7,3,1.89,0.81,Critical Underperformance
NL-390,6,2024-07-01,3,3,4.81,4.81,Outstanding Contributor
NL-390,6,2024-08-01,6,3,2.99,1.5,Performance Improvement Plan
NL-390,6,2024-10-01,3,3,2.27,2.27,Needs Closer Monitoring
NL-390,6,2024-11-01,7,2,3.11,0.89,Critical Underperformance
NL-390,6,2025-01-01,8,7,0.71,0.62,Critical Underperformance
NL-393,2,2024-03-01,8,8,4.48,4.48,Outstanding Contributor
NL-393,2,2024-04-01,10,10,1.52,1.52,Performance Improvement Plan
NL-393,2,2024-05-01,3,3,1.26,1.26,Performance Improvement Plan
NL-393,2,2024-07-01,6,4,2.81,1.87,Performance Improvement Plan
NL-393,2,2024-08-01,8,8,3.82,3.82,Consistently Effective
NL-393,2,2024-10-01,9,9,1.85,1.85,Performance Improvement Plan
NL-393,2,2024-11-01,10,7,3.94,2.76,Needs Closer Monitoring
NL-393,2,2025-01-01,6,3,1.84,0.92,Critical Underperformance
NL-395,30,2024-03-01,10,9,0.33,0.3,Critical Underperformance
NL-395,30,2024-04-01,9,7,3.63,2.82,Needs Closer Monitoring
NL-395,30,2024-05-01,3,3,3.71,3.71,Consistently Effective
NL-395,30,2024-07-01,6,3,4.56,2.28,Needs Closer Monitoring
NL-395,30,2024-08-01,5,5,4.48,4.48,Outstanding Contributor
NL-395,30,2024-10-01,3,2,4.2,2.8,Needs Closer Monitoring
NL-395,30,2024-11-01,5,4,4.92,3.94,Consistently Effective
NL-395,30,2025-01-01,3,2,3.43,2.29,Needs Closer Monitoring
NL-397,1,2024-03-01,9,6,0.38,0.25,Critical Underperformance
NL-397,1,2024-04-01,10,4,3.61,1.44,Performance Improvement Plan
NL-397,1,2024-05-01,6,3,1.59,0.8,Critical Underperformance
NL-397,1,2024-07-01,3,3,3.3,3.3,Consistently Effective
NL-397,1,2024-08-01,9,6,0.65,0.43,Critical Underperformance
NL-397,1,2024-10-01,8,5,3.7,2.31,Needs Closer Monitoring
NL-397,1,2024-11-01,5,5,4.3,4.3,Outstanding Contributor
NL-397,1,2025-01-01,10,7,2.49,1.74,Performance Improvement Plan
NL-398,1,2024-03-01,8,7,3.9,3.41,Consistently Effective
NL-398,1,2024-04-01,6,3,4.49,2.25,Needs Closer Monitoring
NL-398,1,2024-05-01,3,3,2.71,2.71,Needs Closer Monitoring
NL-398,1,2024-07-01,4,2,4.93,2.46,Needs Closer Monitoring
NL-398,1,2024-08-01,9,2,1.91,0.42,Critical Underperformance
NL-398,1,2024-10-01,9,5,0.96,0.53,Critical Underperformance
NL-398,1,2024-11-01,3,2,1.37,0.91,Critical Underperformance
NL-398,1,2025-01-01,7,4,4.41,2.52,Needs Closer Monitoring
NL-400,24,2024-03-01,3,2,4.92,3.28,Consistently Effective
NL-400,24,2024-04-01,9,2,0.31,0.07,Critical Underperformance
NL-400,24,2024-05-01,6,4,2.9,1.93,Performance Improvement Plan
NL-400,24,2024-07-01,6,4,3.44,2.29,Needs Closer Monitoring
NL-400,24,2024-08-01,6,6,0.41,0.41,Critical Underperformance
NL-400,24,2024-10-01,5,2,1.77,0.71,Critical Underperformance
NL-400,24,2024-11-01,3,2,4.66,3.11,Consistently Effective
NL-400,24,2025-01-01,10,7,4.64,3.25,Consistently Effective
NL-401,30,2024-03-01,10,4,3.62,1.45,Performance Improvement Plan
NL-401,30,2024-04-01,8,7,3.14,2.75,Needs Closer Monitoring
NL-401,30,2024-05-01,4,2,0.67,0.34,Critical Underperformance
NL-401,30,2024-07-01,6,5,0.66,0.55,Critical Underperformance
NL-401,30,2024-08-01,9,8,0.3,0.27,Critical Underperformance
NL-401,30,2024-10-01,6,2,2.67,0.89,Critical Underperformance
NL-401,30,2024-11-01,10,2,4.17,0.83,Critical Underperformance
NL-401,30,2025-01-01,4,2,2.94,1.47,Performance Improvement Plan
NL-402,20,2024-03-01,7,2,0.46,0.13,Critical Underperformance
NL-402,20,2024-04-01,10,8,1.15,0.92,Critical Underperformance
NL-402,20,2024-05-01,8,4,4.58,2.29,Needs Closer Monitoring
NL-402,20,2024-07-01,7,4,1.64,0.94,Critical Underperformance
NL-402,20,2024-08-01,10,3,3.21,0.96,Critical Underperformance
NL-402,20,2024-10-01,7,4,0.08,0.05,Critical Underperformance
NL-402,20,2024-11-01,8,6,3.24,2.43,Needs Closer Monitoring
NL-402,20,2025-01-01,3,3,0.13,0.13,Critical Underperformance
NLI-062,18,2024-03-01,7,7,2.16,2.16,Needs Closer Monitoring
NLI-062,18,2024-04-01,3,2,2.28,1.52,Performance Improvement Plan
NLI-062,18,2024-05-01,3,2,2.48,1.65,Performance Improvement Plan
NLI-062,18,2024-07-01,9,4,4.01,1.78,Performance Improvement Plan
NLI-062,18,2024-08-01,6,5,2.18,1.82,Performance Improvement Plan
NLI-062,18,2024-10-01,7,6,4.07,3.49,Consistently Effective
NLI-062,18,2024-11-01,6,5,0.64,0.53,Critical Underperformance
NLI-062,18,2025-01-01,9,2,0.99,0.22,Critical Underperformance
NL-405,13,2024-03-01,3,2,3.48,2.32,Needs Closer Monitoring
NL-405,13,2024-04-01,6,5,2.54,2.12,Needs Closer Monitoring
NL-405,13,2024-05-01,10,3,0.39,0.12,Critical Underperformance
NL-405,13,2024-07-01,6,5,2.09,1.74,Performance Improvement Plan
NL-405,13,2024-08-01,6,6,0.67,0.67,Critical Underperformance
NL-405,13,2024-10-01,3,3,0.34,0.34,Critical Underperformance
NL-405,13,2024-11-01,5,4,0.5,0.4,Critical Underperformance
NL-405,13,2025-01-01,7,5,0.98,0.7,Critical Underperformance
NL-407,11,2024-03-01,10,6,2.91,1.75,Performance Improvement Plan
NL-407,11,2024-04-01,5,4,4.88,3.9,Consistently Effective
NL-407,11,2024-05-01,10,8,4.15,3.32,Consistently Effective
NL-407,11,2024-07-01,10,10,1.02,1.02,Performance Improvement Plan
NL-407,11,2024-08-01,9,9,3.43,3.43,Consistently Effective
NL-407,11,2024-10-01,10,7,0.01,0.01,Critical Underperformance
NL-407,11,2024-11-01,7,2,3.62,1.03,Performance Improvement Plan
NL-407,11,2025-01-01,9,5,2.79,1.55,Performance Improvement Plan
NL-410,11,2024-03-01,7,4,0.27,0.15,Critical Underperformance
NL-410,11,2024-04-01,4,2,0.15,0.07,Critical Underperformance
NL-410,11,2024-05-01,7,4,0.12,0.07,Critical Underperformance
NL-410,11,2024-07-01,6,4,1.08,0.72,Critical Underperformance
NL-410,11,2024-08-01,9,8,0.1,0.09,Critical Underperformance
NL-410,11,2024-10-01,8,2,1.61,0.4,Critical Underperformance
NL-410,11,2024-11-01,9,5,0.45,0.25,Critical Underperformance
NL-410,11,2025-01-01,7,2,1.61,0.46,Critical Underperformance
NL-411,4,2024-03-01,10,5,3.92,1.96,Performance Improvement Plan
NL-411,4,2024-04-01,8,8,2.33,2.33,Needs Closer Monitoring
NL-411,4,2024-05-01,5,3,1.2,0.72,Critical Underperformance
NL-411,4,2024-07-01,4,4,0.42,0.42,Critical Underperformance
NL-411,4,2024-08-01,8,6,1.55,1.16,Performance Improvement Plan
NL-411,4,2024-10-01,10,3,0.2,0.06,Critical Underperformance
NL-411,4,2024-11-01,3,3,4.22,4.22,Outstanding Contributor
NL-411,4,2025-01-01,10,3,3.43,1.03,Performance Improvement Plan
NL-415,19,2024-03-01,4,3,4.41,3.31,Consistently Effective
NL-415,19,2024-04-01,6,4,4.0,2.67,Needs Closer Monitoring
NL-415,19,2024-05-01,8,6,0.32,0.24,Critical Underperformance
NL-415,19,2024-07-01,10,10,2.57,2.57,Needs Closer Monitoring
NL-415,19,2024-08-01,5,5,2.56,2.56,Needs Closer Monitoring
NL-415,19,2024-10-01,9,7,0.82,0.64,Critical Underperformance
NL-415,19,2024-11-01,4,4,1.33,1.33,Performance Improvement Plan
NL-415,19,2025-01-01,7,4,1.91,1.09,Performance Improvement Plan
NL-417,10,2024-03-01,3,2,2.53,1.69,Performance Improvement Plan
NL-417,10,2024-04-01,5,3,2.38,1.43,Performance Improvement Plan
NL-417,10,2024-05-01,6,2,4.48,1.49,Performance Improvement Plan
NL-417,10,2024-07-01,10,7,0.84,0.59,Critical Underperformance
NL-417,10,2024-08-01,9,3,3.23,1.08,Performance Improvement Plan
NL-417,10,2024-10-01,5,3,4.35,2.61,Needs Closer Monitoring
NL-417,10,2024-11-01,7,6,0.11,0.09,Critical Underperformance
NL-417,10,2025-01-01,8,4,0.84,0.42,Critical Underperformance
NL-419,19,2024-03-01,4,2,2.5,1.25,Performance Improvement Plan
NL-419,19,2024-04-01,5,2,0.88,0.35,Critical Underperformance
NL-419,19,2024-05-01,7,4,1.25,0.71,Critical Underperformance
NL-419,19,2024-07-01,10,3,0.63,0.19,Critical Underperformance
NL-419,19,2024-08-01,7,5,2.01,1.44,Performance Improvement Plan
NL-419,19,2024-10-01,4,2,1.86,0.93,Critical Underperformance
NL-419,19,2024-11-01,3,2,4.17,2.78,Needs Closer Monitoring
NL-419,19,2025-01-01,8,6,4.71,3.53,Consistently Effective
NL-420,3,2024-03-01,7,5,0.55,0.39,Critical Underperformance
NL-420,3,2024-04-01,3,3,4.79,4.79,Outstanding Contributor
NL-420,3,2024-05-01,10,9,2.96,2.66,Needs Closer Monitoring
NL-420,3,2024-07-01,8,3,3.38,1.27,Performance Improvement Plan
NL-420,3,2024-08-01,5,2,1.73,0.69,Critical Underperformance
NL-420,3,2024-10-01,3,2,2.15,1.43,Performance Improvement Plan
NL-420,3,2024-11-01,3,3,0.36,0.36,Critical Underperformance
NL-420,3,2025-01-01,8,6,4.64,3.48,Consistently Effective
NL-428,9,2024-03-01,5,4,4.14,3.31,Consistently Effective
NL-428,9,2024-04-01,4,3,3.5,2.62,Needs Closer Monitoring
NL-428,9,2024-05-01,3,2,1.08,0.72,Critical Underperformance
NL-428,9,2024-07-01,5,3,2.92,1.75,Performance Improvement Plan
NL-428,9,2024-08-01,3,3,1.61,1.61,Performance Improvement Plan
NL-428,9,2024-10-01,7,4,1.01,0.58,Critical Underperformance
NL-428,9,2024-11-01,8,5,0.56,0.35,Critical Underperformance
NL-428,9,2025-01-01,4,3,2.1,1.58,Performance Improvement Plan
NL-431,20,2024-03-01,7,3,0.64,0.27,Critical Underperformance
NL-431,20,2024-04-01,7,3,3.32,1.42,Performance Improvement Plan
NL-431,20,2024-05-01,9,8,1.18,1.05,Performance Improvement Plan
NL-431,20,2024-07-01,6,3,2.27,1.14,Performance Improvement Plan
NL-431,20,2024-08-01,4,3,2.54,1.91,Performance Improvement Plan
NL-431,20,2024-10-01,6,3,2.61,1.3,Performance Improvement Plan
NL-431,20,2024-11-01,3,2,1.58,1.05,Performance Improvement Plan
NL-431,20,2025-01-01,10,2,1.61,0.32,Critical Underperformance
NL-432,14,2024-03-01,3,3,2.34,2.34,Needs Closer Monitoring
NL-432,14,2024-04-01,10,9,4.13,3.72,Consistently Effective
NL-432,14,2024-05-01,9,8,2.91,2.59,Needs Closer Monitoring
NL-432,14,2024-07-01,8,7,2.18,1.91,Performance Improvement Plan
NL-432,14,2024-08-01,3,3,1.7,1.7,Performance Improvement Plan
NL-432,14,2024-10-01,7,5,3.07,2.19,Needs Closer Monitoring
NL-432,14,2024-11-01,3,2,3.09,2.06,Needs Closer Monitoring
NL-432,14,2025-01-01,7,4,2.15,1.23,Performance Improvement Plan
NL-433,9,2024-03-01,5,2,2.99,1.2,Performance Improvement Plan
NL-433,9,2024-04-01,3,3,0.65,0.65,Critical Underperformance
NL-433,9,2024-05-01,3,3,1.07,1.07,Performance Improvement Plan
NL-433,9,2024-07-01,6,6,1.91,1.91,Performance Improvement Plan
NL-433,9,2024-08-01,9,6,1.9,1.27,Performance Improvement Plan
NL-433,9,2024-10-01,9,9,0.51,0.51,Critical Underperformance
NL-433,9,2024-11-01,7,5,2.09,1.49,Performance Improvement Plan
NL-433,9,2025-01-01,10,5,0.38,0.19,Critical Underperformance
NLI-063,24,2024-03-01,10,10,2.41,2.41,Needs Closer Monitoring
NLI-063,24,2024-04-01,6,5,0.8,0.67,Critical Underperformance
NLI-063,24,2024-05-01,6,5,1.35,1.13,Performance Improvement Plan
NLI-063,24,2024-07-01,3,2,2.46,1.64,Performance Improvement Plan
NLI-063,24,2024-08-01,7,6,2.87,2.46,Needs Closer Monitoring
NLI-063,24,2024-10-01,9,8,2.29,2.04,Needs Closer Monitoring
NLI-063,24,2024-11-01,9,2,0.07,0.02,Critical Underperformance
NLI-063,24,2025-01-01,5,2,2.42,0.97,Critical Underperformance
NL-434,28,2024-03-01,3,3,1.15,1.15,Performance Improvement Plan
NL-434,28,2024-04-01,9,6,3.87,2.58,Needs Closer Monitoring
NL-434,28,2024-05-01,7,2,3.19,0.91,Critical Underperformance
NL-434,28,2024-07-01,8,4,4.02,2.01,Needs Closer Monitoring
NL-434,28,2024-08-01,4,2,1.06,0.53,Critical Underperformance
NL-434,28,2024-10-01,8,6,0.32,0.24,Critical Underperformance
NL-434,28,2024-11-01,3,3,0.59,0.59,Critical Underperformance
NL-434,28,2025-01-01,6,5,0.63,0.53,Critical Underperformance
NL-437,4,2024-03-01,10,9,2.19,1.97,Performance Improvement Plan
NL-437,4,2024-04-01,5,3,4.2,2.52,Needs Closer Monitoring
NL-437,4,2024-05-01,9,3,2.95,0.98,Critical Underperformance
NL-437,4,2024-07-01,6,2,2.28,0.76,Critical Underperformance
NL-437,4,2024-08-01,4,4,0.49,0.49,Critical Underperformance
NL-437,4,2024-10-01,10,4,4.32,1.73,Performance Improvement Plan
NL-437,4,2024-11-01,3,2,4.07,2.71,Needs Closer Monitoring
NL-437,4,2025-01-01,7,5,1.76,1.26,Performance Improvement Plan
NL-438,20,2024-03-01,8,8,2.66,2.66,Needs Closer Monitoring
NL-438,20,2024-04-01,9,2,1.17,0.26,Critical Underperformance
NL-438,20,2024-05-01,8,3,3.03,1.14,Performance Improvement Plan
NL-438,20,2024-07-01,4,2,4.68,2.34,Needs Closer Monitoring
NL-438,20,2024-08-01,5,5,0.18,0.18,Critical Underperformance
NL-438,20,2024-10-01,4,2,1.18,0.59,Critical Underperformance
NL-438,20,2024-11-01,8,7,0.36,0.32,Critical Underperformance
NL-438,20,2025-01-01,10,10,4.92,4.92,Outstanding Contributor
NL-444,22,2024-03-01,7,6,4.17,3.57,Consistently Effective
NL-444,22,2024-04-01,4,3,2.78,2.08,Needs Closer Monitoring
NL-444,22,2024-05-01,8,7,2.76,2.42,Needs Closer Monitoring
NL-444,22,2024-07-01,8,3,1.0,0.38,Critical Underperformance
NL-444,22,2024-08-01,8,8,4.39,4.39,Outstanding Contributor
NL-444,22,2024-10-01,6,6,3.55,3.55,Consistently Effective
NL-444,22,2024-11-01,9,2,1.47,0.33,Critical Underperformance
NL-444,22,2025-01-01,10,9,0.16,0.14,Critical Underperformance
NL-445,23,2024-03-01,9,5,2.17,1.21,Performance Improvement Plan
NL-445,23,2024-04-01,3,2,1.66,1.11,Performance Improvement Plan
NL-445,23,2024-05-01,9,8,1.88,1.67,Performance Improvement Plan
NL-445,23,2024-07-01,3,3,4.1,4.1,Outstanding Contributor
NL-445,23,2024-08-01,5,5,4.36,4.36,Outstanding Contributor
NL-445,23,2024-10-01,5,3,0.6,0.36,Critical Underperformance
NL-445,23,2024-11-01,9,9,3.83,3.83,Consistently Effective
NL-445,23,2025-01-01,7,6,3.83,3.28,Consistently Effective
NL-448,20,2024-03-01,3,3,0.47,0.47,Critical Underperformance
NL-448,20,2024-04-01,5,4,3.57,2.86,Needs Closer Monitoring
NL-448,20,2024-05-01,3,3,3.98,3.98,Consistently Effective
NL-448,20,2024-07-01,3,3,3.66,3.66,Consistently Effective
NL-448,20,2024-08-01,8,6,0.78,0.58,Critical Underperformance
NL-448,20,2024-10-01,4,4,1.67,1.67,Performance Improvement Plan
NL-448,20,2024-11-01,10,9,2.59,2.33,Needs Closer Monitoring
NL-448,20,2025-01-01,9,6,4.13,2.75,Needs Closer Monitoring
NLI-065,14,2024-03-01,4,2,0.24,0.12,Critical Underperformance
NLI-065,14,2024-04-01,6,6,2.73,2.73,Needs Closer Monitoring
NLI-065,14,2024-05-01,3,3,1.17,1.17,Performance Improvement Plan
NLI-065,14,2024-07-01,4,4,0.77,0.77,Critical Underperformance
NLI-065,14,2024-08-01,6,4,4.34,2.89,Needs Closer Monitoring
NLI-065,14,2024-10-01,10,8,1.74,1.39,Performance Improvement Plan
NLI-065,14,2024-11-01,3,3,2.55,2.55,Needs Closer Monitoring
NLI-065,14,2025-01-01,5,2,4.49,1.8,Performance Improvement Plan
NLI-066,29,2024-03-01,6,6,1.49,1.49,Performance Improvement Plan
NLI-066,29,2024-04-01,4,4,1.16,1.16,Performance Improvement Plan
NLI-066,29,2024-05-01,9,3,3.77,1.26,Performance Improvement Plan
NLI-066,29,2024-07-01,3,3,0.61,0.61,Critical Underperformance
NLI-066,29,2024-08-01,4,3,1.4,1.05,Performance Improvement Plan
NLI-066,29,2024-10-01,8,3,4.01,1.5,Performance Improvement Plan
NLI-066,29,2024-11-01,4,3,4.36,3.27,Consistently Effective
NLI-066,29,2025-01-01,6,4,2.81,1.87,Performance Improvement Plan
